ac_number,male_electors_21,female_electors_21,tg_electors_21,total_electors_21,male_voters_21,female_voters_21,tg_voters_21,total_voters_21,turnout_21,male_turnout_21,female_turnout_21,gender_gap_21,male_electors_26,female_electors_26,tg_electors_26,total_electors_26,male_voters_26,female_voters_26,tg_voters_26,total_voters_26,turnout_26,male_turnout_26,female_turnout_26,gender_gap_26,constituency,region,reserved,district,male_delta,female_delta,gap_change,female_surge,gap_flipped
1,137463,144186,39,281688,110186,109804,6,222192,78.88,80.16,76.15,-4.01,123403,130736,36,254175,112919,117961,20,232630,91.52,91.5,90.23,-1.27,Gummidipundi,Chennai Metro,GEN,Tiruvallur,11.34,14.08,2.74,2.74,False
2,130499,136837,32,267368,105379,103693,15,210557,78.75,80.75,75.78,-4.97,122315,129071,35,251421,111156,114495,25,226873,90.24,90.88,88.71,-2.17,Ponneri,Chennai Metro,SC,Tiruvallur,10.13,12.93,2.8,2.8,False
3,142660,148648,28,291336,113715,115065,6,233222,80.05,79.71,77.41,-2.3,130026,132449,25,262500,116310,119297,13,239451,91.22,89.45,90.07,0.62,Tiruttani,Chennai Metro,GEN,Tiruvallur,9.74,12.66,2.92,2.92,True
4,133822,141134,26,274982,106147,106073,4,214402,77.97,79.32,75.16,-4.16,122289,128786,36,251111,110302,114331,16,226788,90.31,90.2,88.78,-1.42,Thiruvallur,Chennai Metro,GEN,Tiruvallur,10.88,13.62,2.74,2.74,False
5,176028,182131,59,358218,132241,129851,46,264011,73.7,75.12,71.3,-3.82,179193,189432,69,368694,150326,156720,34,309019,83.81,83.89,82.73,-1.16,Poonamallee,Chennai Metro,SC,Tiruvallur,8.77,11.43,2.66,2.66,False
6,219925,222804,102,442831,150551,147933,10,301916,68.18,68.46,66.4,-2.06,213438,223008,76,436522,167997,175491,22,346358,79.34,78.71,78.69,-0.02,Avadi,Chennai Metro,GEN,Tiruvallur,10.25,12.29,2.04,2.04,False
7,227934,224115,146,452195,139361,133211,8,273951,60.58,61.14,59.44,-1.7,183998,189242,81,373321,144069,148424,17,294170,78.8,78.3,78.43,0.13,Maduravoyal,Chennai Metro,GEN,Tiruvallur,17.16,18.99,1.83,1.83,True
8,192150,192133,94,384377,122029,116379,2,240383,62.54,63.51,60.57,-2.94,165415,171608,58,337081,127983,130997,11,260675,77.33,77.37,76.34,-1.03,Ambattur,Chennai Metro,GEN,Tiruvallur,13.86,15.77,1.91,1.91,False
9,226191,228177,106,454474,152319,149213,18,303051,66.68,67.34,65.39,-1.95,211303,220482,81,431866,177376,182737,33,362249,83.88,83.94,82.88,-1.06,Madavaram,Chennai Metro,GEN,Tiruvallur,16.6,17.49,0.89,0.89,False
10,150835,155025,145,306005,100031,99230,24,200077,65.38,66.32,64.01,-2.31,119231,125579,121,244931,100451,105848,76,207167,84.58,84.25,84.29,0.04,Thiruvottiyur,Chennai Metro,GEN,Tiruvallur,17.93,20.28,2.35,2.35,True
11,126727,136149,104,262980,90612,96003,21,187318,71.23,71.5,70.51,-0.99,95281,104017,96,199394,86109,94370,51,181348,90.95,90.37,90.73,0.36,Dr. Radhakrishnan Nagar,Chennai Metro,GEN,Chennai,18.87,20.22,1.35,1.35,True
12,155364,160507,71,315942,100105,99294,11,200777,63.55,64.43,61.86,-2.57,109732,116540,73,226345,98471,104560,41,204619,90.4,89.74,89.72,-0.02,Perambur,Chennai Metro,GEN,Chennai,25.31,27.86,2.55,2.55,False
13,137525,143605,67,281197,86436,85218,2,173761,61.79,62.85,59.34,-3.51,101844,109953,36,211833,88089,94284,20,184284,86.99,86.49,85.75,-0.74,Kolathur,Chennai Metro,GEN,Chennai,23.64,26.41,2.77,2.77,False
14,125131,130134,63,255328,71749,71083,1,144973,56.78,57.34,54.62,-2.72,78710,84673,33,163416,68004,72498,17,141650,86.68,86.4,85.62,-0.78,Villivakkam,Chennai Metro,GEN,Chennai,29.06,31.0,1.94,1.94,False
15,106365,113021,52,219438,66441,66609,6,133880,61.01,62.47,58.94,-3.53,87116,94479,63,181658,69165,73655,43,143940,79.24,79.39,77.96,-1.43,Thiru-Vi-Ka-Nagar,Chennai Metro,SC,Chennai,16.92,19.02,2.1,2.1,False
16,95725,97384,53,193162,60135,57983,0,119450,61.84,62.82,59.54,-3.28,67560,71179,57,138796,58050,60635,41,119915,86.4,85.92,85.19,-0.73,Egmore,Chennai Metro,SC,Chennai,23.1,25.65,2.55,2.55,False
17,94203,98377,55,192635,60143,60458,5,121510,63.08,63.84,61.46,-2.38,77226,82388,58,159672,61297,65022,26,127420,79.8,79.37,78.92,-0.45,Royapuram,Chennai Metro,GEN,Chennai,15.53,17.46,1.93,1.93,False
18,91593,84137,55,175785,54463,46834,9,101687,57.85,59.46,55.66,-3.8,59785,60300,57,120142,49986,49269,28,99634,82.93,83.61,81.71,-1.9,Harbour,Chennai Metro,GEN,Chennai,24.15,26.05,1.9,1.9,False
19,114960,119072,35,234067,69385,67113,8,137483,58.74,60.36,56.36,-4.0,80462,85529,59,166050,68057,71820,46,140834,84.81,84.58,83.97,-0.61,Chepauk-Thiruvallikeni,Chennai Metro,GEN,Chennai,24.22,27.61,3.39,3.39,False
20,117273,122729,94,240096,67176,68085,14,136673,56.92,57.28,55.48,-1.8,75257,82225,69,157551,62461,67860,46,131905,83.72,83.0,82.53,-0.47,Thousand Lights,Chennai Metro,GEN,Chennai,25.72,27.05,1.33,1.33,False
21,140274,145729,87,286090,81862,82047,17,165822,57.96,58.36,56.3,-2.06,90874,97986,48,188908,77925,83812,25,163432,86.51,85.75,85.53,-0.22,Anna Nagar,Chennai Metro,GEN,Chennai,27.39,29.23,1.84,1.84,False
22,145403,146197,91,291691,84602,83318,14,169274,58.03,58.18,56.99,-1.19,97011,103564,52,200627,82892,88586,29,172888,86.17,85.45,85.54,0.09,Virugampakkam,Chennai Metro,GEN,Chennai,27.27,28.55,1.28,1.28,True
23,136800,142158,75,279033,80631,79345,17,161361,57.83,58.94,55.81,-3.13,98561,105554,62,204177,77180,81725,30,160496,78.61,78.31,77.42,-0.89,Saidapet,Chennai Metro,GEN,Chennai,19.37,21.61,2.24,2.24,False
24,120903,124090,47,245040,68970,67502,6,138198,56.4,57.05,54.4,-2.65,76541,82216,34,158791,64192,68428,19,134147,84.48,83.87,83.23,-0.64,Theayagaraya Nagar,Chennai Metro,GEN,Chennai,26.82,28.83,2.01,2.01,False
25,131179,139349,40,270568,75883,76676,1,153643,56.79,57.85,55.02,-2.83,95298,104174,24,199496,71857,77412,8,150800,75.59,75.4,74.31,-1.09,Mylapore,Chennai Metro,GEN,Chennai,17.55,19.29,1.74,1.74,False
26,155588,158896,94,314578,87640,88126,0,176784,56.2,56.33,55.46,-0.87,104934,112227,47,217208,88896,94291,20,185042,85.19,84.72,84.02,-0.7,Velachery,Chennai Metro,GEN,Chennai,28.39,28.56,0.17,0.17,False
27,350276,348508,109,698893,196354,191101,19,389365,55.71,56.06,54.83,-1.23,270734,283128,116,553978,218269,226974,49,447368,80.76,80.62,80.17,-0.45,Shozhinganallur,Chennai Metro,GEN,Kanchipuram,24.56,25.34,0.78,0.78,False
28,192326,196744,48,389118,118425,117546,0,238072,61.18,61.58,59.75,-1.83,146303,154782,42,301127,126666,132584,21,261666,86.9,86.58,85.66,-0.92,Alandur,Chennai Metro,GEN,Kanchipuram,25.0,25.91,0.91,0.91,False
29,172893,182321,53,355267,132011,130851,1,264293,74.39,76.35,71.77,-4.58,184620,197124,63,381807,160464,168186,25,331155,86.73,86.92,85.32,-1.6,Sriperumbudur,Chennai Metro,SC,Kanchipuram,10.57,13.55,2.98,2.98,False
30,217012,219186,41,436239,133880,131140,3,266808,61.16,61.69,59.83,-1.86,164387,172613,24,337024,138276,143530,10,283768,84.2,84.12,83.15,-0.97,Pallavaram,Chennai Metro,GEN,Kanchipuram,22.43,23.32,0.89,0.89,False
31,206807,208802,54,415663,125268,121938,0,249433,60.01,60.57,58.4,-2.17,160542,169588,51,330181,135115,141856,26,279036,84.51,84.16,83.65,-0.51,Tambaram,Chennai Metro,GEN,Kanchipuram,23.59,25.25,1.66,1.66,False
32,210573,217812,55,428440,137581,134803,3,274566,64.09,65.34,61.89,-3.45,181113,191719,57,372889,157809,164229,16,324093,86.91,87.13,85.66,-1.47,Chengalpattu,Chennai Metro,GEN,Kanchipuram,21.79,23.77,1.98,1.98,False
33,144217,150365,38,294620,113398,111536,7,226830,76.99,78.63,74.18,-4.45,143284,151114,54,294452,128166,132610,26,262633,89.19,89.45,87.75,-1.7,Thiruporur,North,GEN,Kanchipuram,10.82,13.57,2.75,2.75,False
34,112010,115428,30,227468,89825,87324,0,179351,78.85,80.19,75.65,-4.54,100967,103062,20,204049,92344,93275,4,188026,92.15,91.46,90.5,-0.96,Cheyyur,North,SC,Kanchipuram,11.27,14.85,3.58,3.58,False
35,111443,115213,59,226715,92713,90833,30,186065,82.07,83.19,78.84,-4.35,104522,108079,65,212666,96955,99289,45,198551,93.36,92.76,91.87,-0.89,Maduranthakam,North,SC,Kanchipuram,9.57,13.03,3.46,3.46,False
36,125776,134653,33,260462,104031,104368,10,210971,81.0,82.71,77.51,-5.2,119629,126557,62,246248,110350,113855,38,228219,92.68,92.24,89.96,-2.28,Uthiramerur,North,GEN,Kanchipuram,9.53,12.45,2.92,2.92,False
37,149473,159706,13,309192,113718,112864,1,229815,74.33,76.08,70.67,-5.41,134971,143833,37,278841,119443,123293,25,246886,88.54,88.5,85.72,-2.78,Kancheepuram,North,GEN,Kanchipuram,12.42,15.05,2.63,2.63,False
38,110822,116481,17,227320,84967,85063,10,171417,75.41,76.67,73.03,-3.64,97891,103069,26,200986,88750,92250,23,182493,90.8,90.66,89.5,-1.16,Arakonam,North,SC,Vellore,13.99,16.47,2.48,2.48,False
39,136709,141316,9,278034,111454,110740,1,224354,80.69,81.53,78.36,-3.17,127210,130854,12,258076,114605,117089,7,233969,90.66,90.09,89.48,-0.61,Sholinghur,North,GEN,Vellore,8.56,11.12,2.56,2.56,False
40,121746,128448,34,250228,90142,93252,20,186763,74.64,74.04,72.6,-1.44,111580,118535,33,230148,96887,104591,27,204355,88.79,86.83,88.24,1.41,Katpadi,North,GEN,Vellore,12.79,15.64,2.85,2.85,True
41,129517,137725,18,267260,101241,104618,6,207782,77.75,78.17,75.96,-2.21,120877,128040,45,248962,106868,112808,33,221259,88.87,88.41,88.1,-0.31,Ranipet,North,GEN,Vellore,10.24,12.14,1.9,1.9,False
42,128622,133846,8,262476,102956,104902,1,210056,80.03,80.05,78.38,-1.67,121352,125406,28,246786,108805,114453,26,226005,91.58,89.66,91.27,1.61,Arcot,North,GEN,Vellore,9.61,12.89,3.28,3.28,True
43,122356,131154,26,253536,87173,90480,4,180223,71.08,71.25,68.99,-2.26,103632,111267,47,214946,90855,97882,40,190573,88.66,87.67,87.97,0.3,Vellore,North,GEN,Vellore,16.42,18.98,2.56,2.56,True
44,125622,131067,38,256727,95523,100915,4,199099,77.55,76.04,76.99,0.95,117577,123020,43,240640,102934,111093,12,217085,90.21,87.55,90.3,2.75,Anaikattu,North,GEN,Vellore,11.51,13.31,1.8,1.8,False
45,112247,114988,6,227241,86521,85751,1,174677,76.87,77.08,74.57,-2.51,107004,110009,8,217021,91317,96519,7,190379,87.72,85.34,87.74,2.4,Kilvaithinankuppam,North,SC,Vellore,8.26,13.17,4.91,4.91,True
46,140672,149423,40,290135,102993,107189,14,211961,73.06,73.21,71.74,-1.47,122808,129222,34,252064,110788,116891,24,229252,90.95,90.21,90.46,0.25,Gudiyatham,North,SC,Vellore,17.0,18.72,1.72,1.72,True
47,123613,126570,37,250220,93525,94861,10,190402,76.09,75.66,74.95,-0.71,120350,122919,51,243320,102922,108127,32,212624,87.38,85.52,87.97,2.45,Vaniayambadi,North,GEN,Vellore,9.86,13.02,3.16,3.16,True
48,115878,122569,26,238473,87069,89453,14,178192,74.72,75.14,72.98,-2.16,104747,110110,41,214898,94511,99804,33,195785,91.11,90.23,90.64,0.41,Ambur,North,GEN,Vellore,15.09,17.66,2.57,2.57,True
49,120219,120642,8,240869,94501,99393,2,196613,81.63,78.61,82.39,3.78,118010,119435,20,237465,101356,109466,12,213582,89.94,85.89,91.65,5.76,Jolarpet,North,GEN,Vellore,7.28,9.26,1.98,1.98,False
50,119300,119923,16,239239,92426,91500,4,186513,77.96,77.47,76.3,-1.17,113338,113985,29,227352,99729,101356,20,203263,89.4,87.99,88.92,0.93,Tiruppattur,North,GEN,Vellore,10.52,12.62,2.1,2.1,True
51,119850,118393,56,238299,93876,92304,20,188437,79.08,78.33,77.96,-0.37,118275,117609,41,235925,101261,101289,8,205745,87.21,85.61,86.12,0.51,Uthangarai,North,SC,Krishnagiri,7.28,8.16,0.88,0.88,True
52,123493,124826,16,248335,96661,99115,0,198221,79.82,78.27,79.4,1.13,119224,121235,17,240476,103171,107287,9,214129,89.04,86.54,88.5,1.96,Bargur,North,GEN,Krishnagiri,8.27,9.1,0.83,0.83,False
53,132537,135614,38,268189,103282,105640,13,212253,79.14,77.93,77.9,-0.03,132866,136467,61,269394,111260,115393,42,231023,85.76,83.74,84.56,0.82,Krishnagiri,North,GEN,Krishnagiri,5.81,6.66,0.85,0.85,True
54,128699,123353,33,252085,105414,98948,2,205463,81.51,81.91,80.22,-1.69,125068,121633,38,246739,112032,108986,20,222792,90.29,89.58,89.6,0.02,Veppanahalli,North,GEN,Krishnagiri,7.67,9.38,1.71,1.71,True
55,179519,172152,100,351771,126816,119782,4,248362,70.6,70.64,69.58,-1.06,171306,171662,72,343040,137844,137688,29,277928,81.02,80.47,80.21,-0.26,Hosur,North,GEN,Krishnagiri,9.83,10.63,0.8,0.8,False
56,128967,122215,33,251215,101252,91418,8,194226,77.31,78.51,74.8,-3.71,120911,117013,37,237961,105115,99156,17,205968,86.56,86.94,84.74,-2.2,Thalli,North,GEN,Krishnagiri,8.43,9.94,1.51,1.51,False
57,120371,117002,18,237391,105214,101667,0,209218,88.13,87.41,86.89,-0.52,121408,119432,21,240861,111960,110493,17,225496,93.62,92.22,92.52,0.3,Palacode,North,GEN,Dharmapuri,4.81,5.63,0.82,0.82,True
58,127811,118951,10,246772,108388,101177,1,212169,85.98,84.8,85.06,0.26,128018,120805,9,248832,115196,110199,6,228907,91.99,89.98,91.22,1.24,Pennagaram,North,GEN,Dharmapuri,5.18,6.16,0.98,0.98,False
59,136121,133543,109,269773,109278,105471,48,218716,81.07,80.28,78.98,-1.3,130887,130008,84,260979,116631,116510,64,238742,91.48,89.11,89.62,0.51,Dharmapuri,North,GEN,Dharmapuri,8.83,10.64,1.81,1.81,True
60,133185,132293,9,265487,109566,108194,5,221276,83.35,82.27,81.78,-0.49,128665,128337,14,257016,115239,116602,10,237164,92.28,89.57,90.86,1.29,Pappireddippatti,North,GEN,Dharmapuri,7.3,9.08,1.78,1.78,True
61,125414,124693,13,250120,98498,97469,1,198988,79.56,78.54,78.17,-0.37,122608,123339,24,245971,106883,108403,20,220303,89.56,87.17,87.89,0.72,Harur,North,SC,Dharmapuri,8.63,9.72,1.09,1.09,True
62,136703,138714,2,275419,110349,111446,2,225298,81.8,80.72,80.34,-0.38,134094,135316,13,269423,119078,121404,8,243703,90.45,88.8,89.72,0.92,Chengam,North,SC,Tiruvannamalai,8.08,9.38,1.3,1.3,True
63,138705,147845,39,286589,100664,104631,16,208966,72.91,72.57,70.77,-1.8,121132,128846,48,250026,105300,112475,37,220079,88.02,86.93,87.29,0.36,Tiruvannamalai,North,GEN,Tiruvannamalai,14.36,16.52,2.16,2.16,True
64,124643,128910,9,253562,99643,101038,1,203931,80.43,79.94,78.38,-1.56,119081,122113,15,241209,106836,110497,10,220055,91.23,89.72,90.49,0.77,Kilpennathur,North,GEN,Tiruvannamalai,9.78,12.11,2.33,2.33,True
65,120437,123206,12,243655,96369,97640,1,196580,80.68,80.02,79.25,-0.77,115844,117733,18,233595,104334,107186,8,214193,91.69,90.06,91.04,0.98,Kalasapakkam,North,GEN,Tiruvannamalai,10.04,11.79,1.75,1.75,True
66,120990,124200,5,245195,98307,101188,3,202378,82.54,81.25,81.47,0.22,116131,118949,11,235091,101876,107090,9,212247,90.28,87.73,90.03,2.3,Polur,North,GEN,Tiruvannamalai,6.48,8.56,2.08,2.08,False
67,135273,142432,22,277727,108304,112110,7,223285,80.4,80.06,78.71,-1.35,125648,130788,38,256474,110706,116763,26,231139,90.12,88.11,89.28,1.17,Arani,North,GEN,Tiruvannamalai,8.05,10.57,2.52,2.52,True
68,127066,132823,1,259890,106255,105934,0,214645,82.59,83.62,79.76,-3.86,118003,121996,9,240008,108908,111701,9,222933,92.89,92.29,91.56,-0.73,Cheyyar,North,GEN,Tiruvannamalai,8.67,11.8,3.13,3.13,False
69,118747,121905,2,240654,92632,91637,0,186321,77.42,78.01,75.17,-2.84,105468,108101,5,213574,93803,95451,1,191401,89.62,88.94,88.3,-0.64,Vandavasi,North,SC,Tiruvannamalai,10.93,13.13,2.2,2.2,False
70,129206,131924,37,261167,102131,101889,9,207169,79.32,79.05,77.23,-1.82,120357,122606,29,242992,105778,108710,16,217641,89.57,87.89,88.67,0.78,Gingee,Central,GEN,Villupuram,8.84,11.44,2.6,2.6,True
71,110007,110292,25,220324,88814,86364,1,177108,80.39,80.73,78.3,-2.43,104130,104949,19,209098,93290,94065,10,189376,90.57,89.59,89.63,0.04,Mailam,Central,GEN,Villupuram,8.86,11.33,2.47,2.47,True
72,113632,116925,13,230570,90676,90137,2,183419,79.55,79.8,77.09,-2.71,107538,111751,11,219300,94946,99169,6,196360,89.54,88.29,88.74,0.45,Tindivanam,Central,SC,Villupuram,8.49,11.65,3.16,3.16,True
73,111302,115290,16,226608,89805,90928,2,182417,80.5,80.69,78.87,-1.82,102776,107093,16,209885,92682,98312,9,192680,91.8,90.18,91.8,1.62,Vanur,Central,SC,Villupuram,9.49,12.93,3.44,3.44,True
74,128015,134097,63,262175,100297,101550,3,205146,78.25,78.35,75.73,-2.62,119713,126205,76,245994,103656,109383,58,215891,87.76,86.59,86.67,0.08,Villupuram,Central,GEN,Villupuram,8.24,10.94,2.7,2.7,True
75,116118,118698,25,234841,95511,95966,5,193826,82.53,82.25,80.85,-1.4,112953,116200,29,229182,101383,105641,19,209859,91.57,89.76,90.91,1.15,Vikravandi,Central,GEN,Villupuram,7.51,10.06,2.55,2.55,True
76,128165,126515,36,254716,98180,95699,11,196372,77.09,76.6,75.64,-0.96,122277,121092,35,243404,107209,107856,23,217762,89.47,87.68,89.07,1.39,Tirukkoyilur,Central,GEN,Villupuram,11.08,13.43,2.35,2.35,True
77,147997,145420,47,293464,121410,121030,1,245140,83.53,82.04,83.23,1.19,150496,150249,44,300789,132309,136032,27,271103,90.13,87.92,90.54,2.62,Ulundurpet,Central,GEN,Villupuram,5.88,7.31,1.43,1.43,False
78,135948,132316,59,268323,107440,106428,5,215451,80.3,79.03,80.43,1.4,136706,136884,51,273641,119281,123850,19,245006,89.54,87.25,90.48,3.23,Rishivandiam,Central,GEN,Villupuram,8.22,10.05,1.83,1.83,False
79,133833,134713,48,268594,103890,109610,6,215886,80.38,77.63,81.37,3.74,131559,134400,44,266003,112116,120737,22,235780,88.64,85.22,89.83,4.61,Sankarapuram,Central,GEN,Villupuram,7.59,8.46,0.87,0.87,False
80,142145,144419,57,286621,108157,115456,19,226026,78.86,76.09,79.95,3.86,139007,142547,68,281622,117866,129253,41,249689,88.66,84.79,90.67,5.88,Kallakurichi,Central,SC,Villupuram,8.7,10.72,2.02,2.02,False
81,115953,123067,4,239024,89000,95250,1,187298,78.36,76.76,77.4,0.64,106406,111962,7,218375,92470,101361,3,196881,90.16,86.9,90.53,3.63,Gangavalli,Central,SC,Salem,10.14,13.13,2.99,2.99,False
82,122895,131798,12,254705,95537,101186,5,200069,78.55,77.74,76.77,-0.97,110787,117410,22,228219,98617,107127,20,208562,91.39,89.01,91.24,2.23,Attur,Central,SC,Salem,11.27,14.47,3.2,3.2,True
83,139032,144981,16,284029,116927,119124,6,239284,84.25,84.1,82.17,-1.93,133812,139107,18,272937,122815,128189,14,253743,92.97,91.78,92.15,0.37,Yercaud,Central,ST,Salem,7.68,9.98,2.3,2.3,True
84,151946,144242,4,296192,128898,117596,1,250026,84.41,84.83,81.53,-3.3,150257,144584,22,294863,136362,131446,18,271493,92.07,90.75,90.91,0.16,Omalur,Central,GEN,Salem,5.92,9.38,3.46,3.46,True
85,145657,141186,6,286849,110791,104217,2,218869,76.3,76.06,73.82,-2.24,129034,126820,15,255869,114367,113712,11,231663,90.54,88.63,89.66,1.03,Mettur,Central,GEN,Salem,12.57,15.84,3.27,3.27,True
86,145173,140102,23,285298,126016,118277,16,248602,87.14,86.8,84.42,-2.38,139764,136678,30,276472,128641,125835,24,258490,93.5,92.04,92.07,0.03,Edapadi,Central,GEN,Salem,5.24,7.65,2.41,2.41,True
87,138580,135708,19,274307,118393,111070,7,232300,84.69,85.43,81.84,-3.59,131472,129088,30,260590,121453,119620,24,244023,93.64,92.38,92.67,0.29,Sankari,Central,GEN,Salem,6.95,10.83,3.88,3.88,True
88,149312,150324,57,299693,109787,105346,23,218239,72.82,73.53,70.08,-3.45,128491,129485,64,258040,115674,116512,46,234789,90.99,90.02,89.98,-0.04,Salem (West),Central,GEN,Salem,16.49,19.9,3.41,3.41,False
89,134947,141053,22,276022,99574,99522,10,202600,73.4,73.79,70.56,-3.23,116011,122624,50,238685,101851,106711,43,210877,88.35,87.79,87.02,-0.77,Salem (North),Central,GEN,Salem,14.0,16.46,2.46,2.46,False
90,127239,133142,22,260403,99193,98687,9,200166,76.87,77.96,74.12,-3.84,111277,115554,49,226880,101139,105317,36,208117,91.73,90.89,91.14,0.25,Salem (South),Central,GEN,Salem,12.93,17.02,4.09,4.09,True
91,130600,129445,19,260064,113291,109100,4,224765,86.43,86.75,84.28,-2.47,125773,124714,17,250504,117054,116770,15,236141,94.27,93.07,93.63,0.56,Veerapandi,Central,GEN,Salem,6.32,9.35,3.03,3.03,True
92,115411,121155,14,236580,95764,98306,3,197486,83.48,82.98,81.14,-1.84,108636,113655,13,222304,97733,103582,11,204902,92.17,89.96,91.14,1.18,Rasipuram,Central,SC,Namakkal,6.98,10.0,3.02,3.02,True
93,119169,124362,25,243556,96133,100886,6,199830,82.05,80.67,81.12,0.45,112168,117288,26,229482,99693,107074,15,209816,91.43,88.88,91.29,2.41,Sendamangalam,Central,ST,Namakkal,8.21,10.17,1.96,1.96,False
94,124572,133235,47,257854,97243,105168,29,207500,80.47,78.06,78.93,0.87,114433,123443,39,237915,98123,110427,33,212395,89.27,85.75,89.46,3.71,Namakkal,Central,GEN,Namakkal,7.69,10.53,2.84,2.84,False
95,106901,114758,5,221664,85674,94078,1,183865,82.95,80.14,81.98,1.84,98548,106657,10,205215,86672,98366,9,189019,92.11,87.95,92.23,4.28,Paramathi-Velur,Central,GEN,Namakkal,7.81,10.25,2.44,2.44,False
96,112512,118584,37,231133,88555,93342,12,184878,79.99,78.71,78.71,0.0,101443,107608,48,209099,90246,97998,30,191217,91.45,88.96,91.07,2.11,Tiruchengode,Central,GEN,Namakkal,10.25,12.36,2.11,2.11,False
97,124254,130181,33,254468,98146,102398,7,202012,79.39,78.99,78.66,-0.33,106211,113789,72,220072,98115,105603,60,205359,93.31,92.38,92.81,0.43,Kumarapalayam,Central,GEN,Namakkal,13.39,14.15,0.76,0.76,True
98,111671,116737,17,228425,76051,75233,8,152631,66.82,68.1,64.45,-3.65,85826,93728,38,179592,77358,83854,28,162573,90.52,90.13,89.47,-0.66,Erode (East),Kongu,GEN,Erode,22.03,25.02,2.99,2.99,False
99,143721,149345,33,293099,100730,102515,18,206069,70.31,70.09,68.64,-1.45,120471,129703,43,250217,105949,114135,33,222437,88.9,87.95,88.0,0.05,Erode (West),Kongu,GEN,Erode,17.86,19.36,1.5,1.5,True
100,114637,124283,12,238932,88916,90892,1,182446,76.36,77.56,73.13,-4.43,99272,108413,12,207697,90155,97442,10,190905,91.92,90.82,89.88,-0.94,Modakurichi,Kongu,GEN,Erode,13.26,16.75,3.49,3.49,False
101,126091,132480,10,258581,95556,96165,1,194505,75.22,75.78,72.59,-3.19,106903,115523,8,222434,95384,102207,2,200101,89.96,89.22,88.47,-0.75,Dharapuram,Kongu,SC,Erode,13.44,15.88,2.44,2.44,False
102,125002,132165,23,257190,97548,100774,3,200376,77.91,78.04,76.25,-1.79,105102,114471,13,219586,96969,104090,8,203782,92.8,92.26,90.93,-1.33,Kangayam,Kongu,GEN,Erode,14.22,14.68,0.46,0.46,False
103,110561,117320,6,227887,93461,94544,1,190406,83.55,84.53,80.59,-3.94,102869,111576,6,214451,95940,102332,4,201079,93.76,93.26,91.72,-1.54,Perundurai,Kongu,GEN,Erode,8.73,11.13,2.4,2.4,False
104,117307,121406,8,238721,99598,99716,4,201454,84.39,84.9,82.13,-2.77,109054,114147,20,223221,100365,104755,13,208464,93.39,92.03,91.77,-0.26,Bhavani,Kongu,GEN,Erode,7.13,9.64,2.51,2.51,False
105,108051,111546,18,219615,87873,86993,4,176702,80.46,81.33,77.99,-3.34,101150,106236,27,207413,89783,93149,16,185970,89.66,88.76,87.68,-1.08,Anthiyur,Kongu,GEN,Erode,7.43,9.69,2.26,2.26,False
106,123299,133058,6,256363,104215,107316,2,214411,83.64,84.52,80.65,-3.87,114089,125096,13,239198,104400,112497,12,219988,91.97,91.51,89.93,-1.58,Gobichettipalayam,Kongu,GEN,Tirupur,6.99,9.28,2.29,2.29,False
107,127274,132965,10,260249,100383,100962,1,202895,77.96,78.87,75.93,-2.94,114711,122895,23,237629,103251,109064,18,214838,90.41,90.01,88.75,-1.26,Bhavanisagar,Kongu,SC,Tirupur,11.14,12.82,1.68,1.68,False
108,98842,107191,6,206039,69250,70389,3,142207,69.02,70.06,65.67,-4.39,89870,99087,11,188968,70796,75725,8,149032,78.87,78.78,76.42,-2.36,Udhagamandalam,Kongu,GEN,Tirupur,8.72,10.75,2.03,2.03,False
109,92431,96790,0,189221,67368,69109,0,138745,73.32,72.88,71.4,-1.48,89970,95483,7,185460,71779,78036,5,151412,81.64,79.78,81.73,1.95,Gudalur,Kongu,SC,Tirupur,6.9,10.33,3.43,3.43,True
110,91764,100352,2,192118,65865,68067,1,136031,70.81,71.78,67.83,-3.95,84146,93824,8,177978,66845,72497,7,141719,79.63,79.44,77.27,-2.17,Coonoor,Kongu,GEN,Tirupur,7.66,9.44,1.78,1.78,False
111,143766,153131,40,296937,109817,113228,13,225539,75.96,76.39,73.94,-2.45,134272,147928,35,282235,115510,126935,15,244535,86.64,86.03,85.81,-0.22,Mettupalayam,Kongu,GEN,Tirupur,9.64,11.87,2.23,2.23,False
112,136241,144313,6,280560,105249,105678,1,212965,75.91,77.25,73.23,-4.02,121271,132093,8,253372,110866,118593,4,231948,91.54,91.42,89.78,-1.64,Avanashi,Kongu,SC,Tirupur,14.17,16.55,2.38,2.38,False
113,193019,186020,100,379139,122515,114552,40,238100,62.8,63.47,61.58,-1.89,155095,160643,125,315863,129098,132934,71,263576,83.45,83.24,82.75,-0.49,Tiruppur (North),Kongu,GEN,Tirupur,19.77,21.17,1.4,1.4,False
114,139880,136570,33,276483,84414,89068,3,174536,63.13,60.35,65.22,4.87,96204,100876,24,197104,87974,90722,11,179929,91.29,91.45,89.93,-1.52,Tiruppur (South),Kongu,GEN,Nilgiris,31.1,24.71,-6.39,-6.39,False
115,194245,195473,68,389786,132356,127559,6,261609,67.12,68.14,65.26,-2.88,159580,170265,30,329875,146214,152600,9,301323,91.34,91.62,89.62,-2.0,Palladam,Kongu,GEN,Nilgiris,23.48,24.36,0.88,0.88,False
116,155120,162077,26,317223,118881,120769,10,242010,76.29,76.64,74.51,-2.13,147942,159656,101,307699,130715,140783,84,273735,88.96,88.36,88.18,-0.18,Sulur,Kongu,GEN,Nilgiris,11.72,13.67,1.95,1.95,False
117,232251,232998,96,465345,154314,153325,34,310889,66.81,66.44,65.81,-0.63,205276,216849,115,422240,174232,186725,70,364242,86.26,84.88,86.11,1.23,Kavundampalayam,Kongu,GEN,Coimbatore,18.44,20.3,1.86,1.86,True
118,170519,168155,38,338712,101883,98762,3,202860,59.89,59.75,58.73,-1.02,145895,151070,29,296994,109023,115245,10,226267,76.19,74.73,76.29,1.56,Coimbatore North,Kongu,GEN,Coimbatore,14.98,17.56,2.58,2.58,True
119,161958,164789,81,326828,114017,115391,37,231868,70.94,70.4,70.02,-0.38,141685,151588,106,293379,123695,132967,61,258823,88.22,87.3,87.72,0.42,Thondamuthur,Kongu,GEN,Coimbatore,16.9,17.7,0.8,0.8,True
120,126195,126571,24,252790,77545,75832,6,155776,61.62,61.45,59.91,-1.54,91334,97546,32,188912,74754,80355,18,156709,82.95,81.85,82.38,0.53,Coimbatore South,Kongu,GEN,Coimbatore,20.4,22.47,2.07,2.07,True
121,161632,163631,26,325289,102176,99842,3,204791,62.96,63.22,61.02,-2.2,130577,139396,24,269997,105707,113164,10,221138,81.9,80.95,81.18,0.23,Singanallur,Kongu,GEN,Coimbatore,17.73,20.16,2.43,2.43,True
122,160560,166318,42,326920,114445,116262,10,232676,71.17,71.28,69.9,-1.38,147104,158779,36,305919,127850,138540,16,268432,87.75,86.91,87.25,0.34,Kinathukadavu,Kongu,GEN,Coimbatore,15.63,17.35,1.72,1.72,True
123,108895,118160,38,227093,86857,88734,5,177358,78.1,79.76,75.1,-4.66,97029,106944,35,204008,86642,93044,16,181360,88.9,89.29,87.0,-2.29,Pollachi,Kongu,GEN,Coimbatore,9.53,11.9,2.37,2.37,False
124,98718,106795,17,205530,70769,73144,4,145259,70.68,71.69,68.49,-3.2,82150,91488,21,173659,71045,78196,19,150529,86.68,86.48,85.47,-1.01,Valparai,Kongu,SC,Coimbatore,14.79,16.98,2.19,2.19,False
125,130305,139433,22,269760,94816,97248,0,194657,72.16,72.76,69.75,-3.01,110206,120776,27,231009,96904,104889,11,203937,88.28,87.93,86.85,-1.08,Udumalpet,Kongu,GEN,Coimbatore,15.17,17.1,1.93,1.93,False
126,121815,126665,21,248501,89220,90883,1,181913,73.2,73.24,71.75,-1.49,103272,111549,16,214837,89715,96785,3,188375,87.68,86.87,86.76,-0.11,Madathukulam,Kongu,GEN,Coimbatore,13.63,15.01,1.38,1.38,False
127,135673,141590,35,277298,101858,101230,2,205501,74.11,75.08,71.5,-3.58,116943,122888,50,239881,101441,105311,32,208707,87.0,86.74,85.7,-1.04,Palani,South,GEN,Dindigul,11.66,14.2,2.54,2.54,False
128,117285,123924,31,241240,97896,102386,1,201838,83.67,83.47,82.62,-0.85,105658,114603,2,220263,95647,104242,1,201705,91.57,90.53,90.96,0.43,Oddanchatram,South,GEN,Dindigul,7.06,8.34,1.28,1.28,True
129,140779,151150,26,291955,110761,117051,1,230266,78.87,78.68,77.44,-1.24,126424,135888,17,262329,111882,122225,7,237388,90.49,88.5,89.95,1.45,Athoor,South,GEN,Dindigul,9.82,12.51,2.69,2.69,True
130,120206,124319,9,244534,90884,92421,0,185793,75.98,75.61,74.34,-1.27,108759,112792,14,221565,95252,100383,1,197805,89.28,87.58,89.0,1.42,Nilakottai,South,SC,Dindigul,11.97,14.66,2.69,2.69,True
131,138507,144977,47,283531,109892,113860,3,225575,79.56,79.34,78.54,-0.8,128463,132861,69,261393,115125,122462,36,239317,91.55,89.62,92.17,2.55,Natham,South,GEN,Dindigul,10.28,13.63,3.35,3.35,True
132,134708,142057,55,276820,94602,96746,7,195466,70.61,70.23,68.1,-2.13,116968,125138,20,242126,100907,107960,8,212118,87.61,86.27,86.27,0.0,Dindigul,South,GEN,Dindigul,16.04,18.17,2.13,2.13,False
133,129061,134500,0,263561,103628,107436,0,213237,80.91,80.29,79.88,-0.41,119371,124624,3,243998,108744,115889,1,226683,92.9,91.1,92.99,1.89,Vedasandur,South,GEN,Dindigul,10.81,13.11,2.3,2.3,True
134,102283,111678,8,213969,83510,91757,0,177565,82.99,81.65,82.16,0.51,93193,102343,2,195538,84690,94726,2,181165,92.65,90.88,92.56,1.68,Aravakurichi,Kongu,GEN,Karur,9.23,10.4,1.17,1.17,False
135,116369,128968,19,245356,97344,107618,11,207781,84.69,83.65,83.45,-0.2,108303,121724,41,230068,100263,114546,40,217276,94.44,92.58,94.1,1.52,Karur,Kongu,GEN,Karur,8.93,10.65,1.72,1.72,True
136,103975,109038,43,213056,87775,91417,2,181210,85.05,84.42,83.84,-0.58,98730,104329,31,203090,90581,97082,30,189634,93.37,91.75,93.05,1.3,Krishnarayapuram,Kongu,SC,Karur,7.33,9.21,1.88,1.88,True
137,110804,116465,10,227279,95955,99682,1,198208,87.21,86.6,85.59,-1.01,109083,114286,7,223376,100575,106521,3,209285,93.69,92.2,93.21,1.01,Kulithalai,Kongu,GEN,Karur,5.6,7.62,2.02,2.02,True
138,141942,147761,10,289713,108741,111168,1,223006,76.97,76.61,75.24,-1.37,132297,135860,8,268165,116665,121332,5,241445,90.04,88.18,89.31,1.13,Manapparai,Delta,GEN,Tiruchirappalli,11.57,14.07,2.5,2.5,True
139,150588,161100,28,311716,116460,120750,15,240423,77.13,77.34,74.95,-2.39,139304,147863,47,287214,121843,130452,32,255329,88.9,87.47,88.22,0.75,Srirangam,Delta,GEN,Tiruchirappalli,10.13,13.27,3.14,3.14,True
140,129826,139351,17,269194,88402,91947,3,183222,68.06,68.09,65.98,-2.11,114480,124465,35,238980,91994,102073,22,196420,82.19,80.36,82.01,1.65,Tiruchirapalli (West),Delta,GEN,Tiruchirappalli,12.27,16.03,3.76,3.76,True
141,123857,131150,44,255051,84809,85674,9,173113,67.87,68.47,65.33,-3.14,106303,113883,54,220240,86806,93209,36,182730,82.97,81.66,81.85,0.19,Tiruchirapalli (East),Delta,GEN,Tiruchirappalli,13.19,16.52,3.33,3.33,True
142,143977,149163,56,293196,96136,98952,24,197666,67.42,66.77,66.34,-0.43,125997,133650,54,259701,100900,109814,29,213792,82.32,80.08,82.17,2.09,Thiruverambur,Delta,GEN,Tiruchirappalli,13.31,15.83,2.52,2.52,True
143,105741,112375,15,218131,83351,89235,3,174923,80.19,78.83,79.41,0.58,102852,109523,28,212403,86434,96945,21,185524,87.35,84.04,88.52,4.48,Lalgudi,Delta,GEN,Tiruchirappalli,5.21,9.11,3.9,3.9,False
144,118150,126021,31,244202,94167,100169,2,196860,80.61,79.7,79.49,-0.21,114439,122155,38,236632,99055,108270,26,209935,88.72,86.56,88.63,2.07,Manachanallur,Delta,GEN,Tiruchirappalli,6.86,9.14,2.28,2.28,True
145,113467,119166,21,232654,86392,90373,6,179845,77.3,76.14,75.84,-0.3,104395,109736,15,214146,89841,95680,11,189230,88.36,86.06,87.19,1.13,Musiri,Delta,GEN,Tiruchirappalli,9.92,11.35,1.43,1.43,True
146,109479,116658,15,226152,82733,90518,2,175977,77.81,75.57,77.59,2.02,101958,108764,31,210753,86155,96129,20,184621,87.6,84.5,88.38,3.88,Thuraiyur,Delta,SC,Tiruchirappalli,8.93,10.79,1.86,1.86,False
147,147500,155236,22,302758,111012,125692,4,240481,79.43,75.26,80.97,5.71,141002,149700,29,290731,115470,134134,24,253860,87.32,81.89,89.6,7.71,Perambalur,Central,SC,Perambalur,6.63,8.63,2.0,2.0,False
148,135160,138353,13,273526,101553,117361,1,221232,80.88,75.14,84.83,9.69,132377,135775,3,268155,103522,123985,3,230664,86.02,78.2,91.32,13.12,Kunnam,Central,GEN,Perambalur,3.06,6.49,3.43,3.43,False
149,131871,133093,7,264971,108951,114858,0,225792,85.21,82.62,86.3,3.68,130401,132739,16,263156,111656,122325,12,236042,89.7,85.63,92.15,6.52,Ariyalur,Central,GEN,Ariyalur,3.01,5.85,2.84,2.84,False
150,132138,134600,3,266741,103915,110099,2,216776,81.27,78.64,81.8,3.16,130779,133071,12,263862,107758,118439,7,228895,86.75,82.4,89.0,6.6,Jayankondam,Central,GEN,Ariyalur,3.76,7.2,3.44,3.44,False
151,107536,111876,3,219415,77359,89464,1,168350,76.73,71.94,79.97,8.03,102749,106253,4,209006,79002,94984,3,175947,84.18,76.89,89.39,12.5,Tittakudi,Central,SC,Cuddalore,4.95,9.42,4.47,4.47,False
152,125867,127012,32,252911,94797,99927,15,197121,77.94,75.32,78.68,3.36,119709,121113,22,240844,98867,108198,11,209448,86.96,82.59,89.34,6.75,Vriddhachalam,Central,GEN,Cuddalore,7.27,10.66,3.39,3.39,False
153,109315,109332,19,218666,81898,80527,3,164458,75.21,74.92,73.65,-1.27,95570,95751,16,191337,82419,84119,9,169049,88.35,86.24,87.85,1.61,Neyveli,Central,GEN,Cuddalore,11.32,14.2,2.88,2.88,True
154,119529,125966,35,245530,95601,99853,25,197544,80.46,79.98,79.27,-0.71,117312,124455,72,241839,100568,107513,52,211015,87.25,85.73,86.39,0.66,Panruti,Central,GEN,Cuddalore,5.75,7.12,1.37,1.37,True
155,115147,124258,69,239474,85715,92937,37,182392,76.16,74.44,74.79,0.35,106273,116890,80,223243,88144,98630,60,190656,85.4,82.94,84.38,1.44,Cuddalore,Central,GEN,Cuddalore,8.5,9.59,1.09,1.09,False
156,119970,123273,26,243269,97470,100345,5,199795,82.13,81.25,81.4,0.15,116933,121308,46,238287,102332,109390,30,214326,89.94,87.51,90.18,2.67,Kurinjipadi,Central,GEN,Cuddalore,6.26,8.78,2.52,2.52,False
157,123448,125154,27,248629,97026,98193,7,197418,79.4,78.6,78.46,-0.14,115865,117469,19,233353,99730,104970,10,207463,88.91,86.07,89.36,3.29,Bhuvanagiri,Central,GEN,Cuddalore,7.47,10.9,3.43,3.43,True
158,123019,128060,21,251100,87845,92708,1,183730,73.17,71.41,72.39,0.98,113648,117647,30,231325,91541,101844,16,197092,85.2,80.55,86.57,6.02,Chidambaram,Central,GEN,Cuddalore,9.14,14.18,5.04,5.04,False
159,114480,114658,16,229154,85058,88454,3,175657,76.65,74.3,77.15,2.85,112652,113847,10,226509,88678,96949,4,188220,83.1,78.72,85.16,6.44,Kattumannarkoil,Central,SC,Cuddalore,4.42,8.01,3.59,3.59,False
160,124306,128303,12,252621,92098,97279,5,191416,75.77,74.09,75.82,1.73,119650,121769,13,241432,94395,104422,8,200546,83.07,78.89,85.75,6.86,Sirkali,Delta,SC,Nagapattinam,4.8,9.93,5.13,5.13,False
161,121687,124362,15,246064,85193,87336,0,174769,71.03,70.01,70.23,0.22,115519,119077,26,234622,89534,97124,19,188691,80.42,77.51,81.56,4.05,Mayiladuthurai,Delta,GEN,Nagapattinam,7.5,11.33,3.83,3.83,False
162,136002,139894,7,275903,100602,106820,0,209052,75.77,73.97,76.36,2.39,128012,131312,8,259332,102364,115581,6,219814,84.76,79.96,88.02,8.06,Poompuhar,Delta,GEN,Nagapattinam,5.99,11.66,5.67,5.67,False
163,95878,102072,10,197960,68207,74222,3,143667,72.57,71.14,72.72,1.58,85318,89396,22,174736,69937,79983,17,151512,86.71,81.97,89.47,7.5,Nagapattinam,Delta,GEN,Nagapattinam,10.83,16.75,5.92,5.92,False
164,87387,91374,3,178764,69543,72381,0,143373,80.2,79.58,79.21,-0.37,84174,86452,7,170633,71761,78177,3,151750,88.93,85.25,90.43,5.18,Kilvelur,Delta,SC,Nagapattinam,5.67,11.22,5.55,5.55,True
165,94518,98252,0,192770,73336,81951,0,158245,82.09,77.59,83.41,5.82,92434,95092,1,187527,73881,85501,1,162476,86.64,79.93,89.91,9.98,Vedaranyam,Delta,GEN,Nagapattinam,2.34,6.5,4.16,4.16,False
166,117615,122454,3,240072,88033,96108,0,186035,77.49,74.85,78.48,3.63,111654,115273,13,226940,88516,100696,8,191133,84.22,79.28,87.35,8.07,Thiruthuraipundi,Delta,SC,Tiruvarur,4.43,8.87,4.44,4.44,False
167,126007,134025,10,260042,90908,102341,0,195195,75.06,72.15,76.36,4.21,113724,120826,4,234554,87861,104495,2,194170,82.78,77.26,86.48,9.22,Mannargudi,Delta,GEN,Tiruvarur,5.11,10.12,5.01,5.01,False
168,137333,145343,32,282708,99492,106963,5,208481,73.74,72.45,73.59,1.14,127141,132984,20,260145,101446,114494,7,218012,83.8,79.79,86.1,6.31,Thiruvarur,Delta,GEN,Tiruvarur,7.34,12.51,5.17,5.17,False
169,135717,136564,24,272305,107506,113172,3,222249,81.62,79.21,82.87,3.66,132488,135074,14,267576,109330,120255,3,231592,86.55,82.52,89.03,6.51,Nannilam,Delta,GEN,Tiruvarur,3.31,6.16,2.85,2.85,False
170,128666,130837,15,259518,96264,100563,4,198592,76.52,74.82,76.86,2.04,126301,130705,8,257014,99126,108526,3,209468,81.5,78.48,83.03,4.55,Thiruvidamarudur,Delta,SC,Thanjavur,3.66,6.17,2.51,2.51,False
171,133238,139844,15,273097,95510,99754,2,197640,72.37,71.68,71.33,-0.35,123565,130803,15,254383,98465,107686,6,208378,81.92,79.69,82.33,2.64,Kumbakonam,Delta,GEN,Thanjavur,8.01,11.0,2.99,2.99,True
172,127408,133517,16,260941,93886,101108,4,197097,75.53,73.69,75.73,2.04,124835,131759,23,256617,96781,109352,8,207867,81.0,77.53,82.99,5.46,Papanasam,Delta,GEN,Thanjavur,3.84,7.26,3.42,3.42,False
173,130831,137740,19,268590,103178,106437,2,211969,78.92,78.86,77.27,-1.59,126442,132135,20,258597,106908,113049,9,222215,85.93,84.55,85.56,1.01,Thiruvaiyaru,Delta,GEN,Thanjavur,5.69,8.29,2.6,2.6,True
174,139150,151729,57,290936,92226,98835,32,194976,67.02,66.28,65.14,-1.14,120469,132322,50,252841,92142,103717,33,199040,78.72,76.49,78.38,1.89,Thanjavur,Delta,GEN,Thanjavur,10.21,13.24,3.03,3.03,True
175,118562,125182,3,243747,88929,101851,0,192622,79.03,75.01,81.36,6.35,113523,120229,6,233758,88018,105546,2,195475,83.62,77.53,87.79,10.26,Orathanad,Delta,GEN,Thanjavur,2.52,6.43,3.91,3.91,False
176,117875,127963,25,245863,79871,96601,2,178265,72.51,67.76,75.49,7.73,116063,126368,20,242451,80047,102391,7,184152,75.95,68.97,81.03,12.06,Pattukkottai,Delta,GEN,Thanjavur,1.21,5.54,4.33,4.33,False
177,108041,112111,10,220162,79830,89703,0,170896,77.62,73.89,80.01,6.12,104814,109145,15,213974,80711,94224,6,176446,82.46,77.0,86.33,9.33,Peravurani,Delta,GEN,Thanjavur,3.11,6.32,3.21,3.21,False
178,101112,100476,19,201607,77034,79074,11,157631,78.19,76.19,78.7,2.51,98651,97444,9,196104,79954,86234,4,167870,85.6,81.05,88.5,7.45,Gandharvakottai,Delta,SC,Pudukkottai,4.86,9.8,4.94,4.94,False
179,111135,114038,16,225189,92987,99341,2,194591,86.41,83.67,87.11,3.44,110937,114188,34,225159,96379,105740,32,203999,90.6,86.88,92.6,5.72,Viralimalai,Delta,GEN,Pudukkottai,3.21,5.49,2.28,2.28,False
180,119329,124679,21,244029,86107,91839,6,180798,74.09,72.16,73.66,1.5,110873,115114,22,226009,89038,99115,16,190615,84.34,80.31,86.1,5.79,Pudukkottai,Delta,GEN,Pudukkottai,8.15,12.44,4.29,4.29,False
181,111348,116532,3,227883,79459,93336,1,174081,76.39,71.36,80.09,8.73,107642,112977,3,220622,82050,99315,3,182792,82.85,76.22,87.91,11.69,Thirumayam,Delta,GEN,Pudukkottai,4.86,7.82,2.96,2.96,False
182,107189,110151,4,217344,80135,90228,0,171868,79.08,74.76,81.91,7.15,104833,107306,0,212139,82581,96333,0,180598,85.13,78.77,89.77,11.0,Alangudi,Delta,GEN,Pudukkottai,4.01,7.86,3.85,3.85,False
183,117375,119643,6,237024,78851,87834,0,168075,70.91,67.18,73.41,6.23,113235,116597,2,229834,83069,97891,1,182792,79.53,73.36,83.96,10.6,Arantangi,Delta,GEN,Pudukkottai,6.18,10.55,4.37,4.37,False
184,155920,161308,48,317276,98110,111857,6,213548,67.31,62.92,69.34,6.42,149478,156617,29,306124,103529,123453,15,229625,75.01,69.26,78.82,9.56,Karaikudi,South,GEN,Sivaganga,6.34,9.48,3.14,3.14,False
185,142890,148869,12,291771,96289,113690,0,212415,72.8,67.39,76.37,8.98,135526,140469,4,275999,95904,117835,2,216016,78.27,70.76,83.89,13.13,Tiruppattur,South,GEN,Sivaganga,3.37,7.52,4.15,4.15,False
186,148306,152854,3,301163,91771,107511,1,202839,67.35,61.88,70.34,8.46,136503,142103,3,278609,94445,116940,0,214716,77.07,69.19,82.29,13.1,Sivaganga,South,GEN,Sivaganga,7.31,11.95,4.64,4.64,False
187,137657,140947,1,278605,95484,104662,1,203497,73.04,69.36,74.26,4.9,128154,132042,7,260203,95712,109493,2,209091,80.36,74.69,82.92,8.23,Manamadurai,South,SC,Sivaganga,5.33,8.66,3.33,3.33,False
188,121016,123978,2,244996,86034,95748,2,183335,74.83,71.09,77.23,6.14,114265,115785,11,230061,86585,102395,3,190822,82.94,75.78,88.44,12.66,Melur,South,GEN,Madurai,4.69,11.21,6.52,6.52,False
189,161715,167444,50,329209,116556,118080,9,237945,72.28,72.07,70.52,-1.55,164049,172632,57,336738,129707,138577,28,272000,80.77,79.07,80.27,1.2,Madurai East,South,GEN,Madurai,7.0,9.75,2.75,2.75,True
190,107953,110767,10,218730,86261,87429,4,175416,80.2,79.91,78.93,-0.98,105847,109489,12,215348,91217,95865,6,189224,87.87,86.18,87.56,1.38,Sholavandan,South,SC,Madurai,6.27,8.63,2.36,2.36,True
191,119186,124374,36,243596,77354,77450,12,156860,64.39,64.9,62.27,-2.63,107562,113714,50,221326,77515,82207,28,161891,73.15,72.07,72.29,0.22,Madurai North,South,GEN,Madurai,7.17,10.02,2.85,2.85,True
192,113252,116855,26,230133,73821,73045,10,147964,64.29,65.18,62.51,-2.67,88345,91609,49,180003,69089,71609,3,141598,78.66,78.2,78.17,-0.03,Madurai South,South,GEN,Madurai,13.02,15.66,2.64,2.64,False
193,118170,123726,17,241913,75105,72967,6,149549,61.82,63.56,58.97,-4.59,97051,102648,26,199725,71990,75495,15,148709,74.46,74.18,73.55,-0.63,Madurai Central,South,GEN,Madurai,10.62,14.58,3.96,3.96,False
194,151603,155534,4,307141,100233,99593,0,202119,65.81,66.12,64.03,-2.09,135219,140458,12,275689,104392,109850,6,216866,78.66,77.2,78.21,1.01,Madurai West,South,GEN,Madurai,11.08,14.18,3.1,3.1,True
195,158185,163276,40,321501,116618,117087,4,236289,73.5,73.72,71.71,-2.01,152686,158988,31,311705,123550,129783,14,255946,82.11,80.92,81.63,0.71,Thiruparankundram,South,GEN,Madurai,7.2,9.92,2.72,2.72,True
196,136826,142763,9,279598,105452,111601,3,220953,79.03,77.07,78.17,1.1,128372,134567,9,262948,108399,118821,5,231544,88.06,84.44,88.3,3.86,Thirumangalam,South,GEN,Madurai,7.37,10.13,2.76,2.76,False
197,144261,142182,10,286453,103599,106469,1,212966,74.35,71.81,74.88,3.07,134096,133865,8,267969,107313,113527,4,224679,83.85,80.03,84.81,4.78,Usilampatti,South,GEN,Madurai,8.22,9.93,1.71,1.71,False
198,138216,140094,34,278344,101609,105539,4,209872,75.4,73.51,75.33,1.82,126975,130992,30,257997,103106,111509,12,217699,84.38,81.2,85.13,3.93,Andipatti,South,GEN,Theni,7.69,9.8,2.11,2.11,False
199,140344,145022,105,285471,98890,100142,36,202198,70.83,70.46,69.05,-1.41,130120,136340,110,266570,101761,106962,61,211514,79.35,78.21,78.45,0.24,Periyakulam,South,SC,Theni,7.75,9.4,1.65,1.65,True
200,136967,141827,21,278815,103160,108683,4,215197,77.18,75.32,76.63,1.31,128663,135707,16,264386,103602,114344,6,221116,83.63,80.52,84.26,3.74,Bodinayakanur,South,GEN,Theni,5.2,7.63,2.43,2.43,False
201,141663,146561,38,288262,96871,102364,1,202780,70.35,68.38,69.84,1.46,124942,132359,22,257323,98781,108943,7,211077,82.03,79.06,82.31,3.25,Cumbum,South,GEN,Theni,10.68,12.47,1.79,1.79,False
202,116852,122580,29,239461,84915,91662,3,178996,74.75,72.67,74.78,2.11,104592,110021,33,214646,86150,94608,22,183212,85.36,82.37,85.99,3.62,Rajapalayam,South,GEN,Virudhunagar,9.7,11.21,1.51,1.51,False
203,122432,128176,32,250640,88562,94127,5,185831,74.14,72.34,73.44,1.1,109704,115160,39,224903,90792,99596,27,193627,86.09,82.76,86.48,3.72,Srivilliputhur,South,SC,Virudhunagar,10.42,13.04,2.62,2.62,False
204,123253,130081,29,253363,91642,98170,3,192001,75.78,74.35,75.47,1.12,112159,117928,62,230149,93451,102942,47,199039,86.48,83.32,87.29,3.97,Sattur,South,GEN,Virudhunagar,8.97,11.82,2.85,2.85,False
205,127640,134142,27,261809,90160,93105,2,185108,70.7,70.64,69.41,-1.23,110989,117448,28,228465,92408,99545,12,193594,84.74,83.26,84.76,1.5,Sivakasi,South,GEN,Virudhunagar,12.62,15.35,2.73,2.73,True
206,109582,114471,46,224099,78205,81254,7,161777,72.19,71.37,70.98,-0.39,97702,103195,41,200938,79370,86662,24,168517,83.87,81.24,83.98,2.74,Virudhunagar,South,GEN,Virudhunagar,9.87,13.0,3.13,3.13,True
207,108683,115120,17,223820,81295,87683,2,171961,76.83,74.8,76.17,1.37,101021,107118,29,208168,83014,93101,14,178698,85.84,82.17,86.91,4.74,Aruppukottai,South,GEN,Virudhunagar,7.37,10.74,3.37,3.37,False
208,108645,112764,12,221421,83573,87662,2,172953,78.11,76.92,77.74,0.82,101535,104131,15,205681,86223,92852,10,181638,88.31,84.92,89.17,4.25,Tiruchuli,South,GEN,Virudhunagar,8.0,11.43,3.43,3.43,False
209,127088,129054,16,256158,84296,94652,3,182445,71.22,66.33,73.34,7.01,116769,118322,18,235109,85972,100767,12,190014,80.82,73.63,85.16,11.53,Paramakudi,South,SC,Ramanathapuram,7.3,11.82,4.52,4.52,False
210,145716,145499,21,291236,91926,107948,2,202317,69.47,63.09,74.19,11.1,141198,142909,23,284130,98602,119551,10,220448,77.59,69.83,83.66,13.83,Tiruvadanai,South,GEN,Ramanathapuram,6.74,9.47,2.73,2.73,False
211,152841,155581,21,308443,98614,113580,1,214548,69.56,64.52,73.0,8.48,153584,158866,13,312463,106892,128695,5,237696,76.07,69.6,81.01,11.41,Ramanathapuram,South,GEN,Ramanathapuram,5.08,8.01,2.93,2.93,False
212,155883,155066,5,310954,103031,115099,1,221325,71.18,66.1,74.23,8.13,149600,150100,2,299702,106926,121388,1,231373,77.2,71.47,80.87,9.4,Mudukulathur,South,GEN,Ramanathapuram,5.37,6.64,1.27,1.27,False
213,106370,110548,5,216923,79954,85728,3,168006,77.45,75.17,77.55,2.38,100955,104494,16,205465,82816,89728,12,175030,85.19,82.03,85.87,3.84,Vilathikulam,South,GEN,Thoothukudi,6.86,8.32,1.46,1.46,False
214,139542,145901,54,285497,93422,92134,13,188693,66.09,66.95,63.15,-3.8,121897,128841,65,250803,97716,105009,40,204992,81.73,80.16,81.5,1.34,Thoothukkudi,South,GEN,Thoothukudi,13.21,18.35,5.14,5.14,True
215,118928,126199,17,245144,82523,89127,11,174876,71.34,69.39,70.62,1.23,113532,119499,30,233061,87381,96353,20,186322,79.95,76.97,80.63,3.66,Tiruchendur,South,GEN,Thoothukudi,7.58,10.01,2.43,2.43,False
216,110729,113956,4,224689,79642,82675,2,165414,73.62,71.93,72.55,0.62,106078,108547,5,214630,84320,89176,4,176594,82.28,79.49,82.15,2.66,Srivaikuntam,South,GEN,Thoothukudi,7.56,9.6,2.04,2.04,False
217,123519,128050,28,251597,86191,88884,9,177926,70.72,69.78,69.41,-0.37,119629,125001,56,244686,93245,100012,23,196554,80.33,77.95,80.01,2.06,Ottapidaram,South,SC,Thoothukudi,8.17,10.6,2.43,2.43,True
218,130639,135955,31,266625,86266,93029,6,182221,68.34,66.03,68.43,2.4,117661,124669,29,242359,90011,101751,12,194497,80.25,76.5,81.62,5.12,Kovilpatti,South,GEN,Thoothukudi,10.47,13.19,2.72,2.72,False
219,123822,130416,5,254243,87061,94051,0,183758,72.28,70.31,72.12,1.81,116467,122551,17,239035,91021,101919,12,197670,82.7,78.15,83.16,5.01,Sankarankovil,South,SC,Tirunelveli,7.84,11.04,3.2,3.2,False
220,119173,122574,1,241748,82535,90752,0,175889,72.76,69.26,74.04,4.78,112113,117053,13,229179,86845,99459,9,190256,83.02,77.46,84.97,7.51,Vasudevanallur,South,SC,Tirunelveli,8.2,10.93,2.73,2.73,False
221,144445,145982,5,290432,95732,107932,0,205990,70.93,66.28,73.94,7.66,133499,136207,17,269723,100529,118655,8,222360,82.44,75.3,87.11,11.81,Kadayanallur,South,GEN,Tirunelveli,9.02,13.17,4.15,4.15,False
222,143662,148859,17,292538,103570,107946,3,214490,73.32,72.09,72.52,0.43,137606,144294,102,282002,110970,120953,45,235213,83.41,80.64,83.82,3.18,Tenkasi,South,GEN,Tirunelveli,8.55,11.3,2.75,2.75,False
223,126535,134146,7,260688,97721,103854,3,203484,78.06,77.23,77.42,0.19,124973,130736,21,255730,105179,112534,14,221103,86.46,84.16,86.08,1.92,Alangulam,South,GEN,Tirunelveli,6.93,8.66,1.73,1.73,False
224,143068,149286,57,292411,96813,98540,24,197995,67.71,67.67,66.01,-1.66,133987,142229,80,276296,103881,111823,63,219060,79.28,77.53,78.62,1.09,Tirunelveli,South,GEN,Tirunelveli,9.86,12.61,2.75,2.75,True
225,119071,125928,4,245003,84861,91372,1,178361,72.8,71.27,72.56,1.29,110714,117520,12,228246,89271,99450,10,191613,83.95,80.63,84.62,3.99,Ambasamudram,South,GEN,Tirunelveli,9.36,12.06,2.7,2.7,False
226,134129,139408,20,273557,78287,79548,1,161357,58.98,58.37,57.06,-1.31,125093,132387,18,257498,84519,92797,5,181061,70.32,67.56,70.1,2.54,Palayamcottai,South,GEN,Tirunelveli,9.19,13.04,3.85,3.85,True
227,136628,141228,9,277865,92795,97633,1,193137,69.51,67.92,69.13,1.21,126747,130720,13,257480,98912,107442,8,209548,81.38,78.04,82.19,4.15,Nanguneri,South,GEN,Tirunelveli,10.12,13.06,2.94,2.94,False
228,133143,137603,14,270760,88066,96329,2,187651,69.31,66.14,70.01,3.87,121832,125455,23,247310,92325,105228,14,200446,81.05,75.78,83.88,8.1,Radhapuram,South,GEN,Tirunelveli,9.64,13.87,4.23,4.23,False
229,145894,147651,112,293657,107912,113215,7,225573,76.82,73.97,76.68,2.71,142753,146714,94,289561,110849,124085,58,239978,82.88,77.65,84.58,6.93,Kanniyakumari,South,GEN,Kanniyakumari,3.68,7.9,4.22,4.22,False
230,133909,136925,11,270845,90207,91075,2,184444,68.1,67.36,66.51,-0.85,127154,132197,10,259361,91964,101342,3,196545,75.78,72.32,76.66,4.34,Nagercoil,South,GEN,Kanniyakumari,4.96,10.15,5.19,5.19,True
231,137311,131961,15,269287,89276,91149,0,183747,68.23,65.02,69.07,4.05,133550,132504,1,266055,91595,104579,1,199711,75.06,68.58,78.93,10.35,Colachel,South,GEN,Kanniyakumari,3.56,9.86,6.3,6.3,False
232,122413,118412,28,240853,82491,85054,1,171599,71.25,67.39,71.83,4.44,119087,118070,3,237160,83637,94077,3,181648,76.59,70.23,79.68,9.45,Padmanabhapuram,South,GEN,Kanniyakumari,2.84,7.85,5.01,5.01,False
233,123622,126416,27,250065,81342,84317,0,168593,67.42,65.8,66.7,0.9,114567,114127,3,228697,80934,90663,2,175453,76.72,70.64,79.44,8.8,Vilavancode,South,GEN,Kanniyakumari,4.84,12.74,7.9,7.9,False
234,129688,125640,19,255347,82234,84524,0,170395,66.73,63.41,67.27,3.86,125668,121606,15,247289,80449,94382,1,178628,72.23,64.02,77.61,13.59,Killiyoor,South,GEN,Kanniyakumari,0.61,10.34,9.73,9.73,False
