Column2,Column11,Column12
AC NO.,POSTAL,TOTAL
1,1451,126452
1,510,75514
1,58,11701
1,23,2576
1,8,1783
1,7,1038
1,3,816
1,6,532
1,0,482
1,5,374
1,2,351
1,0,254
1,0,196
2,859,94528
2,305,84839
2,54,19027
2,22,5394
2,19,2832
2,3,1554
2,4,1106
2,0,470
2,0,298
2,1,190
2,0,116
3,2309,120314
3,1357,91061
3,107,12007
3,25,3928
3,12,1665
3,3,892
3,8,769
3,6,717
3,1,366
3,1,353
3,8,182
3,0,143
3,0,121
3,1,60
3,0,46
4,1393,107709
4,500,85008
4,85,15028
4,15,2329
4,15,1872
4,5,1077
4,3,388
4,2,283
4,0,232
4,1,133
4,0,97
4,0,87
5,1195,149578
5,219,55468
5,67,29871
5,50,11927
5,34,8805
5,11,2891
5,18,2871
5,0,448
5,0,402
5,0,355
5,2,290
5,0,242
5,0,239
5,2,176
5,0,173
6,1442,150287
6,681,95012
6,134,30087
6,110,17092
6,20,2381
6,16,1911
6,12,1263
6,10,773
6,1,360
6,1,300
6,0,231
6,0,198
6,3,187
6,0,143
6,1,127
6,0,120
6,0,108
6,0,105
6,0,95
6,2,75
6,0,72
7,857,121298
7,264,89577
7,91,33401
7,46,21045
7,12,2660
7,9,2146
7,2,908
7,6,628
7,1,553
7,1,349
7,0,287
7,0,161
7,0,149
7,1,143
7,0,124
7,0,96
7,0,95
7,0,69
7,0,69
7,0,64
7,0,48
8,1183,114554
8,500,72408
8,63,22701
8,84,22370
8,15,2631
8,26,2358
8,6,807
8,2,615
8,0,251
8,2,233
8,1,177
8,0,162
8,0,156
8,1,142
8,1,139
8,0,111
8,1,95
8,0,80
8,0,59
8,1,57
8,0,55
8,3,55
8,0,44
8,0,39
9,831,151485
9,208,94414
9,42,27453
9,39,15877
9,16,7104
9,5,2166
9,3,1393
9,0,465
9,0,437
9,0,431
9,2,413
9,0,175
9,1,170
9,0,119
9,1,114
9,0,108
9,0,101
9,2,85
9,0,81
9,0,62
9,0,47
10,482,88185
10,89,50524
10,100,48597
10,28,7053
10,4,1417
10,5,1111
10,2,603
10,1,585
10,0,367
10,0,291
10,0,253
10,0,224
10,0,184
10,0,115
10,0,103
10,0,96
10,0,88
10,0,71
10,0,52
10,0,48
10,0,29
11,247,95763
11,80,53284
11,36,20437
11,17,11198
11,4,1852
11,2,1704
11,0,557
11,0,361
11,0,241
11,0,222
11,1,215
11,0,115
11,0,111
11,0,104
11,0,92
11,0,79
11,0,79
11,0,67
11,0,55
11,0,48
11,0,48
11,0,47
11,0,44
11,0,44
11,0,39
11,0,38
11,1,37
11,1,37
11,2,34
11,0,27
11,0,26
11,0,22
12,687,105267
12,198,50291
12,34,19821
12,46,17072
12,3,4042
12,7,1515
12,0,515
12,0,296
12,0,194
12,0,174
12,0,172
12,0,166
12,0,163
12,0,112
12,0,106
12,0,90
12,1,87
12,0,65
12,1,60
12,0,48
12,0,46
12,0,45
12,0,40
13,1217,105522
13,337,35138
13,87,14210
13,45,11304
13,11,1529
13,9,1295
13,5,1081
13,1,682
13,1,620
13,0,257
13,0,197
13,1,182
13,0,118
13,0,117
13,1,110
13,0,98
13,0,91
13,0,88
13,0,63
13,0,61
13,0,52
13,0,44
13,0,44
13,1,43
13,2,42
13,5,42
13,0,41
13,2,39
13,0,38
13,0,38
13,0,37
13,1,34
13,1,32
13,5,30
13,0,30
13,0,21
13,0,18
14,780,76127
14,289,38890
14,82,13364
14,68,10914
14,14,1444
14,13,1094
14,0,409
14,0,261
14,1,222
14,0,206
14,1,194
14,1,189
14,0,171
14,0,98
14,0,88
14,0,80
14,6,74
14,0,54
14,0,43
14,0,42
14,1,40
14,2,36
14,0,27
14,1,25
15,444,81727
15,112,26714
15,29,10921
15,40,9710
15,2,1787
15,4,1046
15,3,355
15,1,214
15,0,144
15,0,136
15,1,129
15,1,125
15,1,106
15,0,85
15,1,79
15,1,77
15,0,62
15,0,57
15,0,44
15,0,41
15,0,38
15,0,37
15,0,33
15,0,29
16,672,68832
16,335,30064
16,57,9990
16,39,6276
16,23,1293
16,9,1176
16,1,492
16,4,361
16,0,171
16,2,109
16,0,98
16,1,92
16,2,84
16,0,55
16,0,45
16,2,41
16,0,38
16,2,28
16,4,26
17,329,64424
17,187,36645
17,27,8166
17,30,7953
17,4,1128
17,5,901
17,3,557
17,0,205
17,0,180
17,0,172
17,0,133
17,0,109
17,0,85
17,0,60
17,0,58
17,0,56
17,0,55
17,0,52
17,0,50
17,1,43
17,0,30
17,0,27
17,0,27
17,0,26
17,0,21
17,0,18
17,0,10
18,244,59317
18,72,32043
18,5,3763
18,12,3357
18,3,913
18,4,775
18,0,410
18,0,247
18,0,166
18,0,117
18,0,68
18,0,63
18,2,47
18,0,40
18,1,38
18,0,37
18,0,33
18,0,27
18,0,25
18,0,24
18,0,22
18,0,21
18,0,20
18,0,18
18,0,13
18,1,12
18,0,12
18,0,11
18,0,11
19,649,93285
19,167,23930
19,23,9193
19,6,4096
19,14,2061
19,8,1873
19,8,723
19,1,367
19,14,367
19,0,244
19,1,139
19,0,118
19,0,112
19,1,110
19,1,105
19,0,89
19,1,88
19,0,81
19,2,65
19,0,57
19,0,53
19,1,50
19,0,49
19,0,42
19,0,39
19,1,35
19,1,34
20,430,71867
20,168,39405
20,22,11791
20,24,8884
20,4,1385
20,10,1155
20,1,246
20,1,231
20,0,229
20,0,154
20,0,72
20,3,66
20,0,66
20,0,65
20,0,62
20,0,53
20,0,52
20,0,47
20,1,42
20,0,37
20,1,31
21,698,80054
21,312,52609
21,88,17522
21,45,10406
21,16,1545
21,6,1169
21,2,408
21,0,220
21,0,158
21,1,142
21,0,125
21,0,122
21,2,86
21,0,74
21,0,73
21,0,69
21,0,62
21,0,59
21,0,56
21,0,53
21,0,32
21,0,27
21,0,13
21,0,12
22,537,74351
22,458,55984
22,68,16939
22,32,10185
22,21,5186
22,1,1585
22,12,1563
22,4,1440
22,0,344
22,3,209
22,2,148
22,0,131
22,0,119
22,0,90
22,1,90
22,2,88
22,4,73
22,4,72
22,0,68
22,2,65
22,1,56
22,0,56
22,0,49
22,0,49
22,0,48
22,1,41
22,0,34
22,0,24
23,479,80194
23,153,50786
23,41,13454
23,30,10717
23,5,2081
23,3,1158
23,0,274
23,1,209
23,0,182
23,0,145
23,0,141
23,0,125
23,0,121
23,0,91
23,2,89
23,0,66
23,0,48
23,0,47
23,0,43
23,0,40
23,0,38
23,0,37
23,0,34
23,0,32
23,0,31
23,0,30
23,0,30
23,0,23
23,1,23
23,0,20
23,0,18
24,570,56035
24,892,55898
24,94,14567
24,25,8284
24,20,1617
24,8,782
24,10,269
24,0,124
24,0,109
24,0,92
24,9,88
24,2,88
24,2,74
24,2,52
24,2,35
25,473,68392
25,293,55759
25,54,14904
25,26,10124
25,8,1287
25,5,1118
25,3,413
25,0,203
25,0,181
25,2,129
25,0,117
25,0,113
25,0,112
25,0,93
25,2,87
25,0,82
25,0,76
25,1,50
25,3,38
25,0,38
25,0,35
25,0,29
25,0,26
25,0,24
26,495,68493
26,311,64141
26,80,23072
26,29,14171
26,5,1977
26,17,1742
26,4,750
26,4,477
26,0,282
26,1,278
26,0,229
26,0,170
26,0,143
26,1,117
26,0,116
26,0,89
26,1,87
26,0,85
26,0,69
26,0,63
26,0,57
26,0,48
26,0,34
26,0,24
27,883,171558
27,319,136153
27,47,38872
27,55,30284
27,9,3912
27,9,3030
27,2,676
27,3,554
27,0,477
27,4,452
27,1,427
27,0,310
27,0,176
27,1,172
27,0,160
27,0,149
27,1,147
27,0,134
27,0,127
27,0,117
27,0,96
27,0,95
27,5,72
27,0,58
27,0,57
27,0,45
27,0,45
28,1008,116785
28,580,76214
28,72,21139
28,53,16522
28,10,1908
28,11,1770
28,9,1105
28,4,265
28,0,262
28,10,239
28,1,220
28,3,207
28,0,148
28,0,138
28,0,137
28,1,110
28,0,109
28,0,80
28,1,74
28,0,59
28,6,56
28,0,53
28,10,44
28,1,42
28,0,40
28,0,25
29,799,115353
29,457,104474
29,36,22034
29,32,8870
29,15,6340
29,19,3144
29,7,2139
29,1,803
29,2,282
29,0,138
29,3,135
29,15,129
29,1,124
29,0,123
29,12,100
29,0,74
30,722,126427
30,334,88644
30,40,21522
30,45,20774
30,5,3719
30,10,1945
30,0,517
30,2,432
30,0,351
30,0,274
30,1,268
30,2,203
30,1,168
30,0,136
30,0,135
30,0,124
30,2,119
30,0,96
30,0,86
30,1,84
30,0,66
30,1,59
30,1,41
31,1119,116840
31,507,80016
31,64,22530
31,31,19494
31,13,4207
31,8,2284
31,3,1351
31,3,317
31,0,264
31,0,247
31,3,215
31,0,199
31,1,169
31,2,151
31,0,122
31,1,117
31,3,88
31,0,73
31,0,71
31,0,64
31,3,56
31,1,47
31,0,46
32,1256,130573
32,347,103908
32,55,26868
32,13,4146
32,17,3075
32,6,3069
32,0,684
32,1,404
32,1,344
32,3,317
32,0,233
32,0,195
32,1,142
32,0,129
33,967,93954
33,619,92007
33,74,20428
33,69,8194
33,33,7662
33,11,1982
33,6,1135
33,0,367
33,3,271
33,2,268
33,1,268
33,3,193
34,1217,82750
34,564,78708
34,85,9653
34,28,3054
34,41,1968
34,14,1141
34,4,964
34,1,403
34,16,263
34,1,216
35,855,86646
35,1337,83076
35,44,9293
35,7,2137
35,12,1488
35,2,1371
35,6,639
35,0,587
35,2,251
35,0,233
35,1,121
36,1266,93427
36,678,91805
36,85,11405
36,30,7211
36,23,2100
36,6,952
36,1,753
36,2,602
36,0,448
36,1,333
36,1,306
36,6,304
36,1,141
36,2,136
36,0,104
36,13,104
36,1,101
36,3,85
36,1,82
36,0,66
36,0,64
37,1798,102712
37,727,91117
37,117,13946
37,92,12028
37,18,2534
37,18,2301
37,26,2055
37,8,1193
37,3,417
37,7,242
37,1,196
37,0,159
37,14,158
37,0,133
37,1,127
37,17,112
38,342,85399
38,885,58230
38,70,14631
38,30,4777
38,21,3543
38,9,1825
38,8,1656
38,0,432
38,1,285
38,0,184
38,0,128
38,2,113
38,3,112
38,1,97
39,1090,110228
39,611,83530
39,102,12979
39,76,9656
39,15,1664
39,5,1239
39,1,1015
39,3,614
39,2,587
39,3,467
39,0,466
39,3,372
39,0,326
39,0,222
39,1,205
39,0,174
39,1,132
39,0,121
39,1,112
40,1897,85140
40,719,84394
40,124,10449
40,37,1889
40,7,1066
40,12,1003
40,3,551
40,6,374
40,0,332
40,3,224
40,16,193
40,3,166
40,2,144
40,0,144
40,0,99
40,3,78
41,1018,103291
41,454,86793
41,82,10234
41,16,2762
41,7,1632
41,5,669
41,10,637
41,0,425
41,2,275
41,1,268
41,0,194
41,1,107
41,1,64
41,0,63
41,0,48
42,1218,103885
42,517,83927
42,111,12088
42,14,2860
42,15,2253
42,31,2190
42,11,782
42,4,457
42,5,397
42,2,382
42,0,231
42,4,184
42,0,155
43,1392,84299
43,661,75118
43,76,8530
43,64,7243
43,24,1441
43,7,928
43,5,865
43,3,367
43,0,224
43,2,202
43,1,187
43,3,138
43,1,91
43,0,67
43,0,67
43,0,54
43,2,42
43,1,36
44,1075,95159
44,768,88799
44,151,8125
44,23,1791
44,22,1357
44,15,1140
44,0,468
44,5,328
44,0,179
44,1,150
44,5,109
44,1,94
44,1,62
44,2,44
45,590,84579
45,1064,73997
45,116,10027
45,25,1798
45,26,1432
45,4,547
45,0,519
45,14,519
45,7,331
45,4,242
45,1,133
46,887,100412
46,445,93511
46,58,11834
46,17,1822
46,8,1699
46,3,505
46,5,482
46,1,449
46,2,257
46,2,168
46,0,138
46,2,119
46,0,66
46,2,62
46,2,54
46,0,52
47,678,88018
47,797,83114
47,75,11226
47,2,1897
47,25,1868
47,5,1492
47,6,721
47,0,360
47,5,355
47,1,260
47,0,186
47,2,186
47,3,179
47,2,135
48,915,90476
48,341,70244
48,48,10150
48,6,1793
48,9,1638
48,7,1417
48,3,681
48,5,363
48,3,319
48,1,253
48,2,201
48,1,160
48,0,101
48,1,82
49,1253,89490
49,1034,88399
49,129,13328
49,9,1337
49,10,1067
49,9,870
49,5,619
49,6,347
49,0,217
49,1,209
49,0,148
49,2,142
49,2,103
49,2,82
50,1455,96522
50,377,68282
50,111,12127
50,23,2702
50,7,1632
50,5,1096
50,11,724
50,3,519
50,1,438
50,1,362
50,1,323
50,1,309
50,1,297
50,1,264
50,1,205
50,1,128
51,702,99675
51,1204,71288
51,72,10424
51,13,2291
51,5,1359
51,15,1254
51,4,722
51,0,322
51,3,283
51,1,206
51,1,181
51,2,114
51,1,104
52,1404,97256
52,465,84642
52,94,10116
52,11,1518
52,6,1061
52,9,710
52,1,629
52,1,443
52,8,345
52,0,318
52,0,215
52,3,183
52,1,121
52,4,119
52,1,108
53,750,96050
53,1749,95256
53,128,11137
53,32,3455
53,10,1837
53,16,1088
53,7,858
53,3,488
53,1,418
53,4,318
53,3,232
53,4,137
53,1,129
53,0,97
53,5,89
53,0,59
54,249,94104
54,457,91050
54,23,8310
54,9,3601
54,7,3022
54,1,1662
54,5,672
54,2,567
54,3,419
54,2,405
54,2,378
54,0,285
54,1,226
54,1,155
54,8,154
54,7,131
55,1032,118231
55,389,105864
55,31,11422
55,27,6563
55,8,1976
55,0,806
55,1,629
55,0,585
55,2,462
55,2,397
55,0,361
55,0,145
55,0,132
55,0,127
55,1,125
55,1,81
55,1,73
55,1,65
55,0,54
56,1020,120641
56,284,64415
56,16,3776
56,3,1966
56,6,788
56,2,584
56,3,422
56,1,353
56,4,346
56,3,222
56,1,209
56,0,162
56,1,138
57,965,110070
57,935,81970
57,57,7704
57,15,2409
57,3,1351
57,8,1176
57,5,585
57,1,465
57,0,406
57,0,169
57,5,120
57,0,90
57,1,80
58,873,106123
58,1172,84937
58,55,8945
58,11,2921
58,9,1968
58,5,1759
58,20,1471
58,1,451
58,2,265
58,7,245
58,1,243
58,1,212
58,3,211
58,0,207
58,3,205
58,3,142
59,1215,105630
59,1924,78770
59,60,11226
59,91,8700
59,49,5083
59,7,1897
59,13,1726
59,2,718
59,0,654
59,2,464
59,0,364
59,2,357
59,0,304
59,1,237
59,3,213
59,0,208
59,0,194
59,0,160
59,1,127
59,3,117
59,0,110
59,0,74
60,1110,114507
60,1733,77564
60,266,15863
60,83,7573
60,9,1729
60,8,1338
60,2,625
60,6,432
60,1,300
60,0,257
60,1,187
60,1,150
60,0,130
60,2,123
60,2,122
60,5,94
61,931,99061
61,1341,68699
61,166,14327
61,120,10950
61,17,2249
61,0,920
61,1,521
61,4,413
61,5,382
61,7,282
61,2,265
61,1,173
61,1,169
61,1,154
62,1896,108081
62,1231,96511
62,100,12080
62,28,2769
62,6,1085
62,5,828
62,11,801
62,0,417
62,2,381
62,0,200
62,3,174
62,34,173
62,42,127
62,1,112
62,2,112
62,0,99
63,2889,137876
63,367,43203
63,101,13995
63,77,6246
63,24,2194
63,20,2108
63,6,780
63,3,548
63,6,466
63,0,430
63,0,291
63,19,164
63,5,157
63,4,146
63,1,131
63,3,101
64,1962,104675
64,1034,77888
64,77,11541
64,19,2191
64,6,1437
64,7,961
64,9,844
64,5,598
64,5,597
64,7,504
64,2,417
64,1,408
64,4,317
64,20,271
64,3,239
64,3,197
64,0,185
64,1,152
64,0,147
64,39,125
64,0,117
64,0,75
65,1422,94134
65,842,84912
65,74,8822
65,18,2756
65,9,1595
65,10,765
65,3,715
65,9,632
65,1,449
65,20,382
65,1,321
65,6,248
65,5,244
65,1,239
65,2,128
65,1,92
66,854,97732
66,1463,88007
66,132,10197
66,19,1580
66,0,1188
66,13,1144
66,10,656
66,4,604
66,0,278
66,0,216
66,8,90
66,10,87
66,1,72
66,0,56
66,0,55
66,0,50
67,736,102961
67,1447,99833
67,118,10491
67,17,2213
67,9,1861
67,24,1690
67,3,509
67,2,397
67,2,332
67,0,313
67,5,222
67,13,178
67,1,134
67,0,133
67,2,80
67,19,75
68,1380,102460
68,720,90189
68,80,12192
68,26,2429
68,13,1895
68,12,1760
68,2,733
68,5,731
68,1,504
68,1,290
68,2,288
68,1,282
68,3,262
68,1,190
68,12,143
68,12,112
69,1113,102064
69,494,66111
69,35,9284
69,10,1769
69,14,1728
69,14,1692
69,2,1264
69,10,607
69,6,546
69,1,407
69,3,363
69,3,139
70,1942,109625
70,744,73822
70,60,9920
70,60,4811
70,4,2279
70,14,2151
70,3,1914
70,5,637
70,5,559
70,9,410
70,1,246
70,2,181
70,1,168
70,1,157
71,841,81044
71,915,78814
71,25,8340
71,8,3921
71,2,884
71,2,807
71,1,648
71,6,647
71,5,524
71,4,377
71,1,344
71,0,249
71,0,144
71,0,137
71,0,109
72,997,87152
72,1361,77399
72,41,9203
72,23,2701
72,11,2079
72,9,1523
72,4,603
72,0,424
72,1,379
72,0,247
72,0,195
72,0,148
72,9,141
72,2,122
72,4,112
72,0,110
73,718,92219
73,649,70492
73,50,8587
73,30,5460
73,8,2500
73,7,1363
73,2,813
73,9,774
74,1848,102271
74,1035,87403
74,61,6375
74,35,3242
74,11,1695
74,10,970
74,0,491
74,3,415
74,0,371
74,4,322
74,0,321
74,0,233
74,0,118
74,0,84
74,0,78
74,0,78
74,0,67
74,0,66
74,1,48
74,0,42
74,0,35
74,0,34
74,0,32
74,2,27
74,0,23
74,0,19
75,1109,93730
75,899,84157
75,75,8216
75,14,3053
75,14,1122
75,1,907
75,3,655
75,3,520
75,0,436
75,2,305
75,3,207
75,1,96
75,8,81
75,3,78
75,0,54
76,1754,110980
76,413,51300
76,69,13997
76,53,11620
76,9,2039
76,0,1482
76,10,1066
76,2,883
76,5,696
76,1,566
76,0,480
76,0,412
76,5,276
76,0,231
76,6,189
77,1107,115451
77,1235,110195
77,46,9000
77,5,2848
77,3,2280
77,1,2107
77,2,825
77,4,677
77,1,352
77,1,299
77,0,263
77,3,143
77,1,117
77,0,110
77,3,105
77,0,81
78,914,113912
78,263,72184
78,25,12066
78,20,10387
78,1,2420
78,0,1508
78,3,640
78,2,426
78,0,308
78,0,287
78,1,268
78,1,151
78,0,149
78,1,142
78,2,129
78,0,129
79,1699,121186
79,521,75223
79,49,9873
79,1,2120
79,1,1156
79,9,953
79,0,844
79,3,810
79,6,609
79,2,460
79,0,428
79,2,379
79,0,348
79,1,293
79,0,272
79,1,257
79,0,203
79,1,166
79,0,134
79,0,88
80,734,110643
80,1385,84752
80,65,16474
80,16,6571
80,10,1257
80,0,1197
80,1,1097
80,0,937
80,7,871
80,4,659
80,1,266
80,2,250
80,1,198
80,0,185
80,0,171
80,0,125
80,0,103
80,0,102
81,668,89568
81,1741,82207
81,82,9323
81,22,1519
81,10,1251
81,6,609
81,5,493
81,4,485
81,0,396
81,0,392
81,0,155
81,1,105
82,1046,95308
82,1808,87051
82,92,10233
82,22,1959
82,17,1834
82,24,1699
82,2,494
82,0,367
82,1,241
82,0,222
82,0,215
82,3,120
83,1019,121561
83,1679,95606
83,94,13308
83,24,2986
83,24,1979
83,6,876
83,1,660
83,0,579
83,5,490
83,5,289
83,2,167
83,7,165
83,0,148
83,1,110
84,961,142488
84,1368,87194
84,75,9416
84,42,2930
84,19,1600
84,24,1228
84,14,1202
84,8,812
84,0,676
84,1,434
84,2,284
84,4,281
84,5,149
84,2,118
84,7,111
84,0,104
85,1260,97055
85,1962,96399
85,105,9109
85,56,4605
85,6,2823
85,8,2247
85,14,1874
85,2,1783
85,6,738
85,1,435
85,3,386
85,4,325
85,3,269
85,0,226
85,2,168
86,2223,163154
86,1270,69352
86,52,6626
86,15,1547
86,18,1109
86,2,815
86,10,774
86,0,555
86,0,483
86,0,474
86,0,407
86,2,261
86,0,208
86,0,202
86,0,199
86,1,166
86,6,153
86,3,135
86,1,118
86,1,91
86,0,89
86,0,66
86,0,64
86,1,61
86,1,47
86,0,44
86,0,39
86,1,36
86,0,26
87,1096,115472
87,1530,95427
87,74,10862
87,35,3175
87,9,1471
87,16,1469
87,1,847
87,2,814
87,1,525
87,0,481
87,2,278
87,2,211
87,3,200
87,0,166
87,0,135
87,0,119
87,0,99
87,0,97
87,0,96
87,3,95
87,2,89
87,0,55
87,0,33
87,1,31
88,755,105483
88,1595,83984
88,76,10668
88,72,7939
88,27,2307
88,20,1683
88,2,639
88,4,580
88,1,330
88,0,315
88,6,283
88,1,241
88,2,232
88,1,222
88,0,211
88,0,191
88,8,164
88,0,132
88,1,129
88,0,128
88,0,120
88,2,110
88,0,105
88,2,99
88,0,93
88,1,79
88,0,68
88,0,57
88,0,36
89,2210,93432
89,818,85844
89,108,10718
89,76,8155
89,34,1539
89,5,805
89,7,345
89,1,300
89,0,213
89,0,208
89,0,177
89,2,167
89,1,96
89,4,73
89,1,63
89,1,55
89,0,50
89,1,45
89,0,39
89,0,27
89,1,25
90,719,97506
90,1203,74897
90,60,10368
90,48,10176
90,18,2970
90,28,1860
90,3,400
90,0,311
90,0,224
90,0,210
90,1,149
90,3,133
90,1,112
90,1,87
90,1,79
90,1,75
90,2,63
90,1,62
90,0,61
90,1,61
90,0,58
90,1,46
90,0,26
90,1,26
90,0,22
91,601,111682
91,1055,91787
91,72,9806
91,29,4986
91,18,1409
91,9,1302
91,2,386
91,3,361
91,0,324
91,0,265
91,1,237
91,1,230
91,0,208
91,0,133
91,3,129
91,1,118
91,0,94
91,2,69
91,0,62
91,0,59
91,0,55
92,2115,90727
92,924,88775
92,155,11295
92,22,2110
92,14,1133
92,9,1051
92,1,450
92,5,351
92,1,217
92,1,151
92,1,147
92,2,142
92,0,123
92,0,88
92,0,81
92,1,63
93,1535,90681
93,485,80188
93,120,11654
93,43,11371
93,14,2058
93,4,831
93,0,672
93,3,431
93,1,251
93,0,227
93,0,202
93,1,195
93,1,137
93,0,131
93,3,119
93,0,87
94,3014,106494
94,1590,78633
94,114,10122
94,59,5589
94,19,1285
94,12,972
94,5,433
94,6,313
94,4,291
94,7,261
94,1,253
94,2,249
94,3,223
94,1,198
94,4,193
94,6,175
94,5,149
94,2,132
94,4,118
94,1,114
94,3,107
94,1,101
94,3,87
94,1,86
94,2,78
94,1,58
94,2,45
95,1441,86034
95,2310,78372
95,130,11684
95,24,1882
95,8,1329
95,12,964
95,0,495
95,1,368
95,0,280
95,1,270
95,0,259
95,0,232
95,0,219
95,1,178
95,1,156
95,4,136
95,4,132
95,0,112
95,0,88
95,1,87
95,1,70
95,1,68
95,1,67
95,0,65
95,0,52
95,1,42
95,2,35
95,0,21
96,1754,81688
96,816,78826
96,110,13967
96,29,3724
96,12,1518
96,1,666
96,5,515
96,3,449
96,0,391
96,1,379
96,2,375
96,5,358
96,1,326
96,0,210
96,1,204
96,4,200
96,1,127
96,0,100
96,3,96
96,5,76
96,0,75
96,0,62
96,4,61
96,0,54
96,1,53
96,0,52
96,1,49
96,0,43
96,1,25
97,599,100800
97,633,69154
97,69,13240
97,37,7342
97,18,6125
97,5,1342
97,1,1022
97,2,411
97,0,304
97,0,252
97,0,242
97,1,200
97,1,194
97,0,188
97,0,155
97,0,131
97,1,119
97,1,113
97,1,101
97,1,78
97,0,76
97,2,63
97,2,57
97,0,42
97,0,37
97,0,35
97,0,30
97,0,27
97,0,23
97,0,22
98,803,67300
98,299,58396
98,54,11629
98,39,10005
98,16,1546
98,7,1204
98,0,373
98,6,372
98,3,299
98,0,256
98,1,235
98,1,151
98,2,102
98,1,96
98,1,73
99,1725,100757
99,468,78668
99,56,13353
99,39,8107
99,14,1968
99,2,730
99,0,568
99,2,434
99,0,189
99,2,179
99,3,169
99,0,113
99,3,109
99,0,108
99,2,73
99,0,54
100,472,78125
100,1435,77844
100,73,12944
100,19,4574
100,10,2342
100,8,1547
100,7,1143
100,1,882
100,7,569
100,0,335
100,1,327
100,1,301
100,7,295
100,2,275
100,5,235
100,0,119
101,1515,89986
101,629,88593
101,62,6753
101,16,2130
101,22,1903
101,6,1172
101,5,892
101,2,826
101,2,640
101,0,233
101,0,220
101,1,202
101,1,158
101,5,157
101,3,126
102,1019,94197
102,389,86866
102,59,11307
102,10,2327
102,7,1027
102,0,474
102,1,435
102,0,421
102,0,330
102,0,285
102,0,276
102,0,273
102,0,247
102,0,225
102,0,134
102,1,124
102,0,113
102,1,107
102,2,100
102,1,95
102,1,89
102,0,84
102,0,83
102,2,62
102,0,59
102,0,40
102,0,38
103,593,85125
103,1049,70618
103,51,10294
103,80,9895
103,27,3533
103,8,3336
103,8,1620
103,10,1189
103,1,858
103,0,799
103,1,618
103,0,245
103,2,221
103,0,182
103,4,180
103,0,169
103,0,129
103,0,128
103,0,107
103,0,106
103,0,102
103,1,90
103,1,86
103,0,79
103,0,74
103,1,60
104,630,100915
104,1313,78392
104,61,10471
104,35,4221
104,9,2079
104,3,1224
104,3,956
104,7,943
104,2,870
104,0,419
104,2,322
104,1,245
104,1,122
104,0,107
104,0,99
105,1058,79096
105,347,77821
105,68,8230
105,8,2474
105,10,2045
105,5,1212
105,10,1027
105,1,957
105,0,567
105,0,543
105,0,503
105,0,428
105,0,229
105,1,225
105,1,199
105,1,184
105,1,152
105,1,147
105,2,132
105,1,111
105,0,103
106,1037,108608
106,1557,80045
106,58,11719
106,33,4291
106,29,2682
106,12,1307
106,7,1034
106,0,789
106,0,611
106,3,476
106,4,430
106,0,418
106,3,415
106,1,311
106,2,307
106,0,296
106,0,178
106,0,157
106,2,130
106,0,77
107,247,99181
107,973,83173
107,38,8517
107,17,4297
107,4,2197
107,2,2005
107,3,1197
108,1382,65530
108,629,60182
108,65,6381
108,76,4935
108,19,1376
108,23,1273
108,0,514
108,6,431
108,6,255
108,2,225
109,686,64496
109,987,62551
109,65,7317
109,13,1173
109,14,1017
109,10,960
109,4,421
109,1,322
110,1349,61820
110,461,57715
110,70,7252
110,34,3621
110,28,2527
110,11,1188
110,4,513
110,4,439
110,5,404
110,7,320
110,2,109
111,599,105231
111,1324,102775
111,54,10954
111,32,2733
111,8,1864
111,7,660
111,0,274
111,0,184
111,1,183
111,0,115
111,0,110
112,610,117284
112,929,66382
112,45,13256
112,61,8379
112,23,2577
112,20,2372
112,2,833
112,0,520
112,0,379
112,1,179
112,2,173
112,4,154
112,2,139
113,265,113384
113,603,73282
113,49,23110
113,37,19602
113,7,3427
113,8,2162
113,1,592
113,3,477
113,2,428
113,1,366
113,5,342
113,1,302
113,1,250
113,0,139
113,2,133
113,0,96
114,591,75535
114,275,70826
114,28,12898
114,20,9934
114,6,1757
114,9,1142
114,0,554
114,1,312
114,1,265
114,0,224
114,1,164
114,0,147
114,0,121
114,0,101
114,0,83
114,0,80
114,1,76
114,0,68
114,0,66
114,0,38
114,0,27
115,466,126903
115,996,94212
115,54,20524
115,32,10227
115,12,2618
115,9,1802
115,2,722
115,3,693
115,3,610
115,3,587
115,0,530
115,0,365
115,1,315
115,2,309
115,4,218
115,3,215
115,0,171
115,0,162
115,0,130
115,0,112
115,0,86
116,747,118968
116,1117,87036
116,50,14426
116,66,12658
116,24,4111
116,22,2610
116,0,380
116,1,241
116,0,213
116,0,209
116,5,196
116,1,177
116,2,128
116,4,116
116,1,101
116,1,83
117,688,135669
117,1336,125893
117,100,23527
117,74,17897
117,24,2892
117,10,2002
117,8,726
117,1,420
117,2,296
117,1,178
117,1,161
117,0,140
117,0,117
118,639,81454
118,1252,77453
118,168,26503
118,45,11433
118,23,1701
118,9,1659
118,2,531
118,0,313
118,5,250
118,0,248
118,1,233
118,0,141
118,1,140
118,1,139
118,0,135
118,0,128
118,0,124
118,3,86
118,2,57
118,0,49
118,0,22
119,687,124225
119,766,82595
119,34,11606
119,28,8042
119,13,1635
119,6,1235
119,2,428
119,1,312
119,2,175
119,1,142
119,0,136
120,582,53209
120,394,51481
120,720,42383
120,35,4300
120,14,901
120,11,701
120,2,274
120,0,190
120,0,181
120,0,163
120,0,136
120,1,135
120,1,127
120,3,102
120,0,76
120,0,74
120,1,73
120,0,62
120,0,59
120,0,58
120,0,51
120,0,29
121,807,81244
121,1406,70390
121,302,36855
121,55,8366
121,11,1733
121,17,1432
121,0,257
121,2,211
121,1,201
121,1,188
121,0,163
121,3,135
121,0,121
121,1,113
121,0,94
121,2,89
121,0,87
121,0,86
121,0,86
121,1,73
121,2,67
121,0,30
122,468,101537
122,1131,100442
122,59,13939
122,31,11280
122,12,2280
122,11,1248
122,1,505
122,1,353
122,3,228
122,0,187
122,0,135
122,1,108
122,0,88
122,0,55
122,0,50
123,661,80567
123,960,78842
123,41,7589
123,27,6402
123,13,1546
123,6,1141
123,3,491
123,0,368
123,1,362
124,544,71672
124,628,59449
124,44,7632
124,23,3314
124,6,1415
124,8,1335
124,2,355
125,940,96893
125,1210,74998
125,52,8592
125,56,8163
125,9,1478
125,5,1043
125,2,787
125,3,683
125,3,459
125,0,300
125,7,224
125,2,184
125,1,181
125,2,177
125,2,126
125,0,70
126,679,84313
126,990,77875
126,48,6515
126,45,6245
126,17,2894
126,6,1048
126,1,712
126,2,611
126,0,503
126,2,467
126,1,172
126,5,141
126,0,130
126,0,105
126,2,88
126,0,83
127,1517,108566
127,559,78510
127,93,7656
127,63,3732
127,24,2255
127,22,1110
127,3,601
127,2,522
127,0,462
127,1,443
127,2,310
127,0,195
127,2,149
127,0,110
127,1,106
127,1,95
127,0,92
127,1,77
127,0,73
127,0,68
127,0,64
127,0,58
127,2,49
127,0,43
127,1,38
128,980,109970
128,409,81228
128,52,4944
128,6,1457
128,10,1427
128,13,1082
128,2,529
128,1,407
128,0,356
128,0,100
128,0,61
128,0,59
128,0,52
128,0,44
128,0,40
129,1640,165809
129,220,30238
129,151,17168
129,30,3241
129,26,3017
129,16,1722
129,21,1564
129,5,1357
129,2,1180
129,2,880
129,9,749
129,0,700
129,1,535
129,0,486
129,2,349
129,1,322
129,0,190
129,0,133
129,0,125
129,1,88
129,0,87
130,604,91461
130,1250,63843
130,142,17509
130,20,3704
130,35,3181
130,12,1260
130,2,666
130,4,515
130,0,491
130,6,484
130,3,375
130,3,339
130,0,252
130,1,164
130,3,158
130,2,137
130,2,128
130,1,77
130,0,61
131,507,107762
131,862,95830
131,89,14762
131,8,1721
131,6,1444
131,6,1025
131,2,678
131,0,383
131,0,335
131,1,322
131,0,224
131,5,194
131,0,190
131,2,166
131,0,112
131,1,96
132,910,90595
132,2455,72848
132,157,14860
132,113,9063
132,48,2427
132,35,1807
132,9,570
132,9,501
132,1,345
132,4,305
132,9,254
132,0,232
132,1,210
132,1,191
132,1,180
132,1,166
132,1,119
132,5,114
132,0,104
132,0,92
132,1,82
132,2,53
133,1324,106481
133,598,88928
133,54,8495
133,11,2041
133,1,1293
133,13,1215
133,1,887
133,5,803
133,1,740
133,0,669
133,0,489
133,0,233
133,0,124
133,0,123
133,3,108
133,0,101
133,3,81
133,0,77
133,1,72
133,0,71
133,1,49
134,1154,93369
134,638,68553
134,32,7188
134,6,1599
134,7,1382
134,0,1236
134,3,869
134,2,377
134,0,336
134,0,328
134,0,291
134,0,241
134,0,174
134,0,160
134,0,129
134,0,104
134,0,79
134,0,63
134,0,53
134,0,46
134,0,45
134,0,45
134,0,41
134,0,40
134,0,29
134,0,27
134,0,27
134,0,25
134,1,24
134,0,24
134,0,23
134,1,22
134,1,21
134,1,21
134,0,21
134,1,19
134,0,19
134,0,19
134,0,16
134,0,16
134,0,13
135,1401,101757
135,869,89309
135,30,7316
135,16,4154
135,7,961
135,7,953
135,3,369
135,0,334
135,0,210
135,0,165
135,0,138
135,0,114
135,0,105
135,2,102
135,0,99
135,0,96
135,1,84
135,0,56
135,0,56
135,0,51
135,0,46
135,0,42
135,0,42
135,0,39
135,0,37
135,0,30
135,0,29
135,0,29
135,0,29
135,0,28
135,0,26
135,0,25
135,0,22
135,0,20
135,0,19
135,0,19
135,0,18
135,0,17
135,0,16
135,0,15
135,0,14
135,0,14
135,0,14
135,0,14
135,0,14
135,0,13
135,0,13
135,0,13
135,0,13
135,0,13
135,0,12
135,0,11
135,0,11
135,0,11
135,0,10
135,0,10
135,0,10
135,0,10
135,0,10
135,0,9
135,0,9
135,0,8
135,0,8
135,0,7
135,0,7
135,0,7
135,0,7
135,0,6
135,0,5
135,0,5
135,0,5
135,0,4
135,1,4
135,0,3
135,0,3
135,0,2
135,0,2
135,0,2
136,1219,96540
136,408,64915
136,52,9706
136,6,1946
136,11,1848
136,5,1177
136,1,911
136,0,710
136,2,540
136,0,433
136,0,377
136,0,242
136,0,214
136,1,195
136,0,151
136,0,128
136,1,122
136,0,119
136,0,113
136,1,108
136,1,101
136,0,97
136,0,69
136,0,68
136,0,27
136,0,24
136,0,21
137,1544,100829
137,710,77289
137,85,11511
137,4,1191
137,4,838
137,7,761
137,20,694
137,4,674
137,0,612
137,5,590
137,4,494
137,5,460
137,0,399
137,1,245
137,8,221
137,2,215
137,0,184
137,0,138
137,2,111
138,1873,98077
138,701,85834
138,92,19450
138,53,10719
138,4,1259
138,7,1009
138,6,914
138,1,650
138,0,628
138,3,547
138,1,544
138,6,307
138,1,287
138,9,270
138,5,191
138,1,180
138,0,173
138,0,169
138,1,129
138,1,123
138,0,113
138,0,93
138,1,82
139,1895,113904
139,858,93989
139,118,17911
139,51,4082
139,39,3487
139,26,2417
139,5,1067
139,6,811
139,2,608
139,0,594
139,1,423
139,2,388
139,3,210
139,6,163
139,2,97
139,1,89
140,2115,118133
140,392,33024
140,88,15725
140,80,10546
140,20,2545
140,38,2117
140,6,222
140,0,211
140,3,196
140,0,181
140,1,66
140,0,48
140,2,43
140,2,42
141,1657,94302
141,396,40505
141,101,14312
141,87,11396
141,79,9089
141,31,1535
141,1,382
141,0,211
141,1,208
141,0,199
141,0,157
141,0,105
141,0,85
141,4,73
141,1,73
141,1,70
141,3,58
141,1,50
141,1,46
142,1751,105424
142,418,55727
142,91,15719
142,131,14678
142,33,2293
142,15,1418
142,2,416
142,5,413
142,1,226
142,2,224
142,1,123
142,0,88
142,0,72
142,3,71
142,0,67
142,2,54
143,1650,84914
143,353,67965
143,114,16248
143,28,2941
143,9,1200
143,1,304
143,2,270
143,1,247
143,0,138
143,1,124
143,0,120
143,4,96
143,0,65
143,1,65
143,1,57
144,1883,116334
144,350,56716
144,82,14443
144,21,1996
144,12,1631
144,12,1067
144,1,577
144,0,482
144,3,451
144,0,379
144,0,240
144,0,237
144,1,231
144,0,206
144,0,192
144,2,168
144,3,161
144,3,158
144,2,137
144,2,112
144,0,110
144,2,109
144,0,103
144,0,100
144,2,91
144,0,91
144,0,61
144,0,55
144,0,43
144,0,38
145,2137,90624
145,609,63788
145,104,14311
145,29,3182
145,32,2499
145,11,1092
145,0,513
145,0,497
145,1,463
145,0,458
145,2,363
145,4,317
145,0,297
145,2,253
145,0,227
145,1,175
145,0,164
145,1,161
145,1,110
145,0,108
145,1,104
146,1984,87786
146,458,65715
146,84,13158
146,39,2528
146,31,2435
146,14,1594
146,2,867
146,2,541
146,6,320
146,1,317
146,0,230
146,2,166
146,0,119
146,0,100
147,2454,122090
147,731,91056
147,81,18673
147,14,2932
147,17,1884
147,7,1080
147,9,1003
147,1,520
147,4,409
147,0,379
148,1215,103922
148,859,97593
148,35,9354
148,26,2118
148,0,977
148,0,934
148,2,753
148,8,739
148,0,604
148,0,494
148,0,451
148,0,366
148,5,336
148,4,269
148,4,187
148,0,174
148,0,152
148,4,123
148,1,90
148,1,87
148,1,68
148,1,48
148,0,40
149,1011,103975
149,305,100741
149,61,12346
149,4,2044
149,3,1389
149,9,1037
149,9,905
149,1,767
149,2,629
149,1,540
149,3,486
149,0,159
149,6,133
149,1,74
150,1355,99529
150,860,94077
150,53,9956
150,38,4700
150,11,1864
150,15,1560
150,3,1546
150,2,946
150,2,605
150,5,418
150,1,349
150,3,312
150,1,256
150,3,250
151,946,83726
151,312,62163
151,36,10591
151,21,4142
151,15,1745
151,0,1063
151,4,999
151,17,944
151,4,724
151,0,601
151,1,559
151,1,238
151,2,221
151,0,197
151,0,141
151,1,130
152,1172,77064
152,617,76202
152,118,25908
152,39,8642
152,4,891
152,3,862
152,19,841
152,4,761
152,1,527
152,0,485
152,7,468
152,1,405
152,0,398
152,0,323
152,2,300
152,1,273
152,0,270
152,0,268
152,0,261
152,1,246
152,1,194
152,1,179
152,0,175
152,0,156
152,0,148
152,1,115
152,1,109
152,2,103
152,0,86
152,0,74
153,988,75177
153,656,74200
153,22,7785
153,9,2230
153,7,1171
153,5,1011
153,4,556
153,0,519
153,5,455
153,0,392
153,1,334
153,5,209
153,0,91
154,884,93801
154,615,89104
154,36,6547
154,5,3362
154,13,1670
154,3,1323
154,0,418
154,0,159
154,0,152
154,0,125
154,10,116
154,0,69
154,1,68
154,3,49
154,0,45
154,0,41
155,1750,84563
155,1408,79412
155,83,9563
155,35,4040
155,10,1499
155,8,1236
155,9,617
155,0,307
155,2,291
155,2,185
155,1,79
155,0,74
155,0,46
155,0,31
155,4,29
155,0,29
156,993,101456
156,451,83929
156,42,8512
156,4,1212
156,11,1189
156,3,837
156,0,515
156,2,482
156,0,154
156,0,140
156,0,139
156,0,124
156,1,92
157,917,96453
157,977,88194
157,31,6958
157,6,2470
157,0,1058
157,1,504
157,0,333
157,1,315
157,4,196
157,0,184
157,1,142
157,1,133
157,0,102
157,0,68
157,0,55
158,1438,91961
158,1251,75024
158,50,9071
158,29,2953
158,8,1388
158,12,1202
158,4,478
158,2,337
158,1,305
158,0,245
158,2,242
158,1,146
159,1070,86056
159,883,75491
159,44,6806
159,12,1904
159,24,1415
159,0,991
159,1,648
159,2,460
159,4,429
159,4,421
159,1,363
159,0,227
159,0,216
159,1,134
160,1191,94057
160,674,81909
160,47,11013
160,7,1308
160,10,1000
160,3,977
160,5,495
160,1,288
160,1,122
160,3,79
160,1,77
161,1266,73642
161,590,70900
161,63,13186
161,77,7282
161,83,5933
161,13,1067
161,6,651
161,3,526
161,0,356
161,1,243
161,2,208
161,0,185
161,1,168
161,3,155
161,3,138
162,941,96102
162,504,92803
162,40,14823
162,8,1220
162,4,950
162,6,733
162,4,500
162,0,343
162,1,262
162,0,102
163,694,66281
163,314,59043
163,45,9976
163,46,3503
163,17,2540
163,2,895
163,0,256
163,0,252
163,1,209
163,4,184
163,3,113
163,0,105
163,0,105
163,2,98
164,700,67988
164,249,51003
164,85,15173
164,16,2906
164,9,2503
164,1,896
164,5,641
164,2,615
164,0,614
164,2,483
164,2,173
165,1094,78719
165,1567,66390
165,76,9106
165,8,1284
165,3,673
165,0,460
165,4,437
165,4,319
165,0,297
165,4,143
165,0,91
165,13,76
165,0,65
166,1307,97092
166,341,67024
166,62,15362
166,19,3555
166,3,1313
166,0,476
166,2,315
166,6,190
166,0,155
166,1,139
166,3,136
166,1,129
167,1101,87172
167,209,49779
167,210,40481
167,40,10438
167,8,1845
167,8,1366
167,5,960
167,4,588
167,2,378
167,1,125
167,2,97
168,1366,108906
168,293,57732
168,89,26300
168,16,6364
168,34,4068
168,7,1653
168,8,1008
168,4,720
168,1,531
168,8,293
168,0,247
168,2,202
168,0,163
168,2,103
169,401,103637
169,804,99213
169,42,13419
169,6,2076
169,2,1190
169,0,711
169,2,381
169,0,352
169,3,206
169,1,164
169,0,153
169,0,125
169,0,111
169,0,81
169,1,78
169,1,47
170,1161,95763
170,380,85083
170,29,11176
170,14,1839
170,10,1746
170,7,1240
170,2,576
170,0,245
170,4,226
170,0,198
170,0,102
170,0,78
170,6,68
170,2,68
170,0,38
171,1773,96057
171,340,74674
171,61,12480
171,48,6523
171,42,5276
171,25,1648
171,5,234
171,1,209
171,0,190
171,2,153
171,1,120
172,1166,86567
172,485,70294
172,185,19778
172,79,14724
172,22,2032
172,14,1204
172,8,567
172,3,477
172,1,412
172,1,252
172,11,211
172,3,169
172,4,163
172,2,132
173,1251,103210
173,276,49560
173,159,37469
173,93,15820
173,18,1215
173,7,1180
173,4,1093
173,0,530
173,1,368
173,2,257
173,0,252
173,2,240
173,0,236
174,2986,103772
174,450,56623
174,146,17366
174,81,9681
174,56,4246
174,23,1938
174,7,281
174,4,260
174,3,217
174,1,142
174,3,122
174,5,110
174,1,101
175,547,90063
175,757,61228
175,168,26022
175,37,9050
175,10,2041
175,6,867
175,12,721
175,0,550
175,0,428
175,2,319
175,0,229
175,3,223
175,0,99
176,1005,79065
176,275,53796
176,67,23771
176,36,10730
176,32,5223
176,18,3088
176,7,1026
176,0,322
176,1,179
177,1028,89130
177,232,65627
177,45,12154
177,5,1623
177,2,770
177,2,554
177,1,494
177,2,262
177,0,236
178,995,69710
178,308,56989
178,112,12840
178,55,12661
178,6,1390
178,11,1271
178,5,848
178,0,620
178,3,289
178,1,232
178,0,206
178,2,190
178,0,133
178,1,130
178,2,111
179,503,102179
179,553,78581
179,22,7035
179,8,1228
179,2,620
179,0,559
179,1,509
179,0,504
179,0,385
179,0,291
179,0,263
179,2,241
179,2,215
179,0,191
179,0,156
179,0,119
179,0,93
179,0,73
179,0,50
179,0,37
179,0,35
179,0,33
179,0,26
180,2010,85802
180,554,72801
180,92,11503
180,28,3948
180,16,1873
180,8,604
180,1,476
180,7,463
180,8,424
180,5,393
180,0,380
180,0,250
180,1,205
180,0,180
180,1,104
180,0,95
180,0,90
180,1,89
180,0,71
180,0,58
180,0,42
180,0,41
181,755,71349
181,372,69967
181,33,15144
181,42,11061
181,18,1503
181,6,1356
181,1,569
181,0,554
181,0,456
181,4,412
181,0,365
181,0,315
181,2,238
181,0,109
181,0,92
181,0,87
181,0,74
181,1,74
181,1,70
181,0,66
181,0,65
181,0,54
181,0,51
182,1192,87935
182,170,62088
182,74,15477
182,25,2924
182,9,1230
182,3,702
182,2,444
182,0,343
182,0,199
182,1,180
182,2,165
182,1,155
183,933,81835
183,287,50942
183,62,18460
183,21,4699
183,14,3164
183,5,2164
183,16,1080
183,6,966
183,3,636
183,13,612
183,0,524
183,0,505
183,0,493
183,0,391
183,0,334
183,0,212
183,1,202
183,1,180
183,1,168
183,0,162
183,0,140
183,0,125
183,0,54
184,2177,75954
184,502,54365
184,303,44864
184,147,23872
184,91,8351
184,20,1349
184,4,702
184,3,652
184,5,548
184,6,504
184,4,416
184,6,346
184,3,341
184,0,192
185,1421,103682
185,393,66308
185,53,14571
185,16,13202
185,52,7448
185,6,862
185,8,853
185,1,605
185,0,465
185,0,444
185,0,352
185,0,333
185,1,241
185,0,221
185,0,152
185,1,144
185,0,122
185,0,115
185,1,96
185,1,85
185,0,80
185,0,69
185,1,68
185,0,65
185,0,65
185,0,62
185,0,56
186,886,82153
186,1799,70900
186,199,22500
186,193,19824
186,29,2105
186,14,1332
186,12,1270
186,4,373
186,3,345
186,2,309
186,2,241
186,0,175
186,10,155
186,3,127
186,3,123
186,3,112
187,1537,89364
187,840,75273
187,312,23228
187,157,10231
187,38,2257
187,15,1335
187,2,369
187,3,229
187,0,185
187,2,142
187,0,128
187,0,125
187,7,111
187,1,84
188,218,83344
188,455,48182
188,235,34262
188,63,10669
188,15,2176
188,9,884
188,0,736
188,0,630
188,0,350
188,0,342
188,0,274
188,0,270
188,1,258
188,1,200
188,1,110
188,0,95
189,2270,122729
189,537,73125
189,164,17668
189,129,11993
189,93,6729
189,21,1944
189,18,1755
189,4,349
189,1,346
189,2,308
189,1,233
189,1,232
189,1,152
189,2,122
189,3,112
189,0,95
190,993,84240
190,403,67195
190,153,13936
190,48,3582
190,31,3031
190,15,961
190,0,363
190,6,353
190,2,294
190,2,250
190,0,200
190,3,146
190,0,133
190,4,125
190,2,104
190,0,89
190,2,88
190,3,84
190,0,71
190,0,70
190,0,46
191,1061,73010
191,394,50094
191,133,15311
191,83,12102
191,45,3280
191,16,1564
191,1,168
191,0,167
191,2,163
191,1,139
191,1,125
191,1,115
191,0,105
191,1,94
191,1,70
191,0,49
192,528,62812
192,292,56297
192,48,12821
192,53,10483
192,10,2672
192,19,1551
192,3,257
192,3,178
192,0,162
192,1,159
192,0,140
192,0,116
192,0,104
192,0,81
193,974,73205
193,195,39029
193,58,14495
193,59,11215
193,27,4907
193,20,3347
193,9,1441
193,3,440
193,2,287
193,3,286
193,0,264
193,1,193
193,1,176
193,0,94
193,0,51
194,297,83883
194,1299,74762
194,91,18224
194,100,15849
194,33,3417
194,26,2509
194,17,1774
194,0,368
194,3,318
194,0,126
194,0,122
194,1,97
194,0,79
194,0,73
194,0,49
194,1,44
195,624,103683
195,1162,74194
195,140,22722
195,88,16750
195,70,10190
195,34,2073
195,3,2005
195,1,592
195,7,562
195,1,538
195,1,402
195,1,302
195,1,284
195,1,257
195,0,246
195,0,200
195,4,177
195,0,131
195,0,114
195,0,114
195,0,98
195,1,82
195,0,80
195,1,53
196,1044,100338
196,1870,86251
196,226,13780
196,218,11593
196,27,2775
196,10,1576
196,13,971
196,1,684
196,2,503
196,0,433
196,2,278
196,3,190
196,2,165
196,2,131
196,3,122
196,3,122
196,3,98
196,4,82
196,1,75
196,0,71
196,0,64
196,1,62
196,1,45
196,2,44
196,1,42
197,475,71255
197,901,63778
197,733,55491
197,268,15357
197,9,1247
197,12,1161
197,17,1032
197,6,967
197,5,528
197,1,478
197,6,378
197,3,362
197,0,247
197,3,158
197,5,74
198,1484,93541
198,461,85003
198,150,11896
198,182,11216
198,52,3010
198,25,1333
198,0,650
198,6,572
198,0,457
198,5,392
198,1,227
198,1,156
198,1,149
198,4,145
198,5,127
198,2,127
198,0,115
198,3,115
198,1,115
198,4,109
198,1,85
199,1891,92251
199,486,70930
199,107,16424
199,134,11794
199,54,5680
199,37,2451
199,6,628
199,4,339
199,2,301
199,5,242
199,1,202
199,1,149
199,0,143
199,0,112
199,0,94
199,1,57
200,754,100050
200,1887,89029
200,132,11114
200,55,5649
200,59,4128
200,22,1403
200,7,559
200,2,443
200,0,402
200,1,354
200,1,270
200,1,219
200,4,143
200,2,135
200,1,126
200,9,117
200,2,100
200,3,94
200,0,80
200,0,77
200,2,71
200,0,68
200,0,62
200,1,54
200,3,48
201,2148,104800
201,409,62387
201,137,14536
201,224,12347
201,65,4647
201,34,1659
201,1,451
201,1,321
201,4,236
201,3,155
201,3,151
201,2,136
201,1,122
201,4,120
201,1,106
201,2,101
202,1446,74158
202,390,70260
202,145,15601
202,53,7664
202,36,4057
202,40,3384
202,6,1875
202,2,548
202,1,336
202,3,264
202,0,140
202,0,120
202,1,112
202,3,103
202,2,86
203,394,70475
203,1287,57737
203,203,23682
203,310,20348
203,68,4985
203,44,3512
203,24,1666
203,7,942
203,1,363
203,1,238
203,0,209
203,1,202
203,2,191
203,2,177
203,1,164
203,0,148
204,1225,74174
204,294,62995
204,223,32916
204,148,12626
204,29,1751
204,15,1599
204,17,1297
204,1,635
204,0,551
204,3,414
204,1,406
204,1,369
204,1,332
204,0,210
204,2,188
204,0,166
204,1,157
204,3,156
204,0,136
204,1,124
204,1,119
204,1,97
204,0,94
204,1,62
204,0,60
204,0,57
204,0,51
204,0,41
205,1159,78947
205,261,61628
205,111,20865
205,142,9893
205,37,6090
205,18,1727
205,20,1430
205,0,442
205,6,438
205,3,426
205,9,414
205,0,330
205,0,319
205,2,316
205,0,245
205,1,234
205,1,221
205,3,191
205,1,152
205,1,126
205,1,114
205,0,107
205,1,101
205,2,88
205,1,78
205,0,64
205,0,61
206,1388,73297
206,456,51958
206,149,14311
206,141,10783
206,58,5054
206,14,1570
206,29,1406
206,1,759
206,3,590
206,2,465
206,0,328
206,3,282
206,3,264
206,0,200
206,0,119
206,0,93
206,4,89
206,1,85
206,0,64
207,2112,91040
207,392,52006
207,121,12392
207,88,7638
207,27,2532
207,7,1323
207,0,630
207,18,478
207,0,436
207,1,426
207,0,419
207,2,272
207,2,219
207,0,190
207,0,189
207,0,128
207,0,118
207,0,76
207,0,72
207,0,71
207,0,67
207,1,62
207,0,60
207,0,60
207,0,58
207,0,57
207,2,57
207,0,48
207,0,39
207,0,38
208,1209,102225
208,146,41233
208,133,13787
208,42,6441
208,1,2492
208,18,1356
208,2,898
208,6,740
208,1,684
208,7,593
208,0,566
208,0,480
208,8,365
208,0,349
208,0,137
208,1,124
208,0,108
208,0,70
208,0,65
208,0,52
208,0,46
209,1848,84864
209,1091,71579
209,168,16430
209,41,3488
209,21,2009
209,16,1258
209,3,687
209,9,425
209,4,354
209,0,208
209,2,198
209,1,188
209,2,186
209,0,109
209,0,96
209,1,79
210,949,79364
210,463,65512
210,388,33426
210,98,16501
210,19,2208
210,3,768
210,8,629
210,5,610
210,5,522
210,0,410
210,0,399
210,0,385
210,0,382
210,1,274
210,0,262
210,0,163
211,1370,111075
211,341,60763
211,86,17062
211,14,10845
211,50,6776
211,23,1996
211,0,1219
211,2,998
211,6,753
211,2,477
211,2,453
211,1,368
211,0,343
211,1,250
211,0,191
211,0,135
211,3,124
211,0,115
211,1,78
211,1,77
212,1573,101901
212,1014,81180
212,266,19699
212,145,11234
212,20,943
212,6,815
212,5,722
212,5,614
212,2,557
212,2,535
212,2,532
212,10,393
212,0,389
212,0,331
212,2,214
212,1,194
212,5,193
212,1,134
212,1,134
212,4,131
212,0,100
212,1,92
212,0,80
212,0,79
213,1218,90348
213,562,51799
213,131,11828
213,66,6657
213,9,1520
213,26,1055
213,19,1036
213,3,613
213,7,487
213,6,404
213,1,348
213,2,312
213,0,272
213,5,268
213,2,121
213,0,101
214,2108,92314
214,383,42004
214,190,30937
214,59,10534
214,29,4040
214,17,2866
214,30,1569
214,1,915
214,4,446
214,4,436
214,4,282
214,1,269
214,0,182
214,1,167
214,1,163
214,2,161
214,0,142
214,0,138
214,1,127
214,0,124
214,1,116
214,0,93
214,0,88
214,0,87
214,0,75
214,0,70
214,2,62
215,2112,88274
215,591,63011
215,100,15063
215,36,3766
215,16,1965
215,11,1054
215,1,239
215,1,196
215,1,195
215,0,177
215,0,136
215,1,129
215,1,108
215,2,92
215,0,71
215,2,60
216,1757,76843
216,888,59471
216,154,12706
216,129,10203
216,10,1355
216,7,756
216,1,494
216,7,444
216,5,341
216,1,312
216,0,297
216,1,233
216,1,140
216,5,131
216,0,129
216,2,106
216,0,103
216,1,96
216,1,80
216,0,56
216,1,52
216,1,38
217,1505,73110
217,693,64600
217,309,22413
217,126,6544
217,51,5327
217,23,1913
217,28,1568
217,3,520
217,3,399
217,2,320
217,1,316
217,2,157
217,4,152
217,0,133
217,3,100
217,0,98
217,2,86
217,1,84
218,586,68556
218,424,56153
218,1146,37380
218,99,9213
218,39,3667
218,18,1124
218,6,643
218,0,499
218,1,448
218,0,417
218,7,411
218,0,318
218,2,246
218,0,244
218,2,205
218,3,203
218,0,175
218,0,133
218,2,133
218,2,121
218,0,121
218,1,104
218,2,100
218,0,90
218,1,79
218,3,79
218,0,66
219,1203,71347
219,373,66050
219,404,22682
219,168,13851
219,19,2338
219,20,1957
219,29,1941
219,2,890
219,0,620
219,0,408
219,0,389
219,0,303
219,1,187
219,3,171
219,1,107
219,3,97
220,1677,68730
220,411,66363
220,186,16731
220,182,13376
220,51,3651
220,24,2171
220,34,2139
220,6,795
220,1,716
220,19,544
220,2,342
220,1,323
221,574,88474
221,827,64125
221,169,34216
221,84,10136
221,22,1778
221,9,1056
221,0,938
221,2,672
221,6,672
221,1,658
221,0,532
221,0,413
221,5,318
221,1,284
221,2,259
221,2,247
221,0,126
221,5,122
221,0,96
221,0,87
221,1,85
221,0,80
222,1609,89315
222,674,88945
222,123,15336
222,105,9944
222,19,2188
222,4,1978
222,13,1159
222,21,878
222,5,690
222,0,684
222,1,628
222,0,495
222,2,428
222,7,416
222,2,319
222,2,216
222,1,195
222,1,175
222,0,119
223,307,74153
223,1289,70614
223,124,37727
223,123,12519
223,19,2816
223,14,1786
223,15,1454
223,7,1105
223,0,492
223,1,436
223,1,376
224,778,92282
224,1073,69175
224,176,19162
224,104,8911
224,17,2091
224,37,1412
224,6,1342
224,8,654
224,0,582
224,2,437
224,3,415
224,3,342
224,1,319
224,0,264
224,2,199
225,546,85211
225,1029,68296
225,136,13735
225,48,4194
225,42,2807
225,8,1673
225,4,509
225,0,390
225,5,315
225,0,178
225,0,166
225,2,119
225,0,88
226,2248,89117
226,583,36976
226,115,12241
226,150,11665
226,105,8107
226,27,1647
226,8,395
226,4,298
226,5,231
226,3,212
226,7,202
227,1409,75902
227,371,59416
227,162,31870
227,111,17654
227,6,1537
227,3,1154
227,7,813
227,3,700
227,6,625
227,2,497
227,5,454
227,0,441
227,2,436
227,4,432
227,1,430
227,1,161
228,2090,82331
228,657,76406
228,100,19371
228,23,2432
228,3,1224
228,9,903
228,0,518
228,4,470
228,4,464
228,1,456
228,1,329
228,9,318
228,2,310
228,4,295
228,0,235
228,2,224
228,2,193
228,0,143
228,0,139
228,1,117
228,0,98
228,0,95
228,1,69
228,0,59
228,0,59
228,0,52
229,1692,109828
229,2107,93618
229,125,14197
229,9,3109
229,29,1599
229,5,1097
229,9,684
229,2,447
229,1,142
229,6,121
229,0,95
229,2,79
229,0,55
229,0,50
230,999,88804
230,1748,77135
230,87,10753
230,30,4037
230,15,1094
230,11,930
230,1,315
230,4,242
230,1,183
230,1,134
230,2,134
230,1,103
230,0,97
230,1,81
230,0,73
230,0,70
231,1560,90681
231,802,65849
231,131,18202
231,10,2127
231,12,1332
231,15,1218
231,2,1145
231,8,878
231,2,831
231,2,272
231,0,201
231,0,130
231,0,103
232,1551,87744
232,759,60859
232,190,13899
232,42,3234
232,19,1272
232,13,1036
232,19,981
232,3,324
232,9,271
232,4,177
232,0,175
232,1,129
232,0,55
233,1246,87473
233,648,58804
233,172,12292
233,49,3541
233,32,2447
233,8,782
233,11,637
233,5,436
233,1,294
233,1,235
233,0,198
233,2,185
233,0,161
233,0,150
233,0,122
233,2,79
234,2148,101541
234,722,46141
234,189,14571
234,25,1596
234,14,1444
234,9,1214
234,23,1102
234,7,754
234,8,323
234,3,279
234,2,234
234,2,213
234,3,212
234,3,162
234,2,132
,489946,46236716